الاسم العربي:,الاسم الانجليزي:,الجنسية:,العنوان:,الموقع الالكتروني:,اسم المدير:,تلفون المدير:,اسم ممثل الشركة:,تلفون ممثل الشركة:,البريد الالكتروني الرسمي:,الحالة:
ALALMASS FOR MINERALLZATION,ALALMASS FOR MINERALLZATION,شركة سودانية, الخرطوم-المنشية- شارع الاديب الطيب صالح – جوار برج ام تي ان  ,dr.abdalsalam@yahoo.com,عبدالسلام طالب ,0123612645/0123612645,عبدالسلام طالب,0123612645/0123612645,dr.abdalsalam@yahoo.com,بحث 
Sudasam Mining for copper and Lead CO.Ltd,Sudasam Mining for copper and Lead CO.Ltd,شركة سودانية, الخرطوم - أركويت – شارع البلابل- مربع 56- مبني 153,elsallawi@sudasam.com,عبدالرحمن السلاوي,912301957,محمد عبدالرحمن السلاوي,912301957,elsallawi@sudasam.com,بحث 
ولاية القضارف,ولاية القضارف,شركة سودانية, القضارف - وزارة التخطيط العمراني - شارع الوزارات ,urbangadarf@hotmail.com,امانة حكومة ولاية القضارف,154883802,امانة حكومة ولاية القضارف,154883802,urbangadarf@hotmail.com,بحث 
ALNHDA MINING CO.LTD,ALNHDA MINING CO.LTD,شركة سودانية,الخرطوم -  الفرودس جنوب- جوار مسجد جمعية قطر الخيرية - منزل رقم 694,profyounis@hotmail.com,هجو احمد محمد,91230069,هجو احمد محمد,60990291089,profyounis@hotmail.com,مقبلة
السودانية الأسترالية للتجارة والإستثمار المحدودة (SATICO),السودانية الأسترالية للتجارة والإستثمار المحدودة (SATICO),شركة سودانية, كافوري مربع 11 –جوار نادي وزارة الخارجية- مبنى رقم 78 ,watersatico@yahoo.com,منصور عثمان محمد,912348541,ابو الحسن محمد,911223161,watersatico@yahoo.com,بحث 
حكومة ولاية كسلا,حكومة ولاية كسلا,شركة سودانية, الخرطوم- السوق العربي - عمارة الفكي عوض الله - الطابق الثالث (مكتب متابعة ولاية كسلا),amer_oh2000@yahoo.com,امانة حكومة ولاية كسلا,128611030,امانة حكومة ولاية كسلا,128611030,amer_oh2000@yahoo.com,بحث 
KAMBAL INTERNATIONAL CO.,KAMBAL INTERNATIONAL CO.,شركة سودانية,الخرطوم – شارع علي عبد اللطيف-برج الفيحاء -بناية رقم 10- شقة رقم 8,kico2005@maktoob.com,محمد صلاح كمبال,183779337,نزار جيولوجي,183779337,kico2005@maktoob.com,مقبلة
MALDEIF MINING CO.LTD,MALDEIF MINING CO.LTD,شركة سودانية, بحري شمبات - مربع 22 منزل 44 - الطابق الرابع ,maldeifmining@gmail.com,عبدالحفيظ مالك عبدالرؤوف,9121956656,معتصم الحاج التوم,915334713,maldeifmining@gmail.com,منتجة
أعمال التعدين المتقدمة المحدودة (أوهاف للتعدين المحدودة إسم الانتاج),أعمال التعدين المتقدمة المحدودة (أوهاف للتعدين المحدودة إسم الانتاج),شركة سودانية,الخرطوم- شمال غرب كبري المك نمر- جوار حلويات الشامية- الطابق الثاني- شقة رقم 3,admico2@hotmail.com,انور مختار,123320076,محمد عثمان,908416109,admico2@hotmail.com,منتجة
السودانية للتقانة  (SMT),السودانية للتقانة  (SMT),شركة سودانية,الخرطوم بحري كافوري ,WWW.SMTMINING.COM,جعفر عبدالرحمن احمد,123320076,عبدالمنعم محمد بابكر,908416109,WWW.SMTMINING.COM,متقدمة
QMSD MINING CO.LTD,QMSD MINING CO.LTD,شركة قطرية,الخرطوم - شارع عبيد ختم –شمال سكر كنانة – غرب السفارة الأدرنية سابقاً,malshahwani@qatarmining.com,حمد راشد العذبه,97455872255,علي أوكير,911296629,malshahwani@qatarmining.com,مقبلة
لازوتين للتعدين المحدودة,لازوتين للتعدين المحدودة,شركة سودانية,الخرطوم – ابراج النصر مبنى رقم A31- الطابق السادس- شقة 601  ,welltecraco@yahoo.com,سعد الطيب احمد,912151998,مجاهد بلال طه,123013870,welltecraco@yahoo.com,منتجة
Millennium Mining Co.Ltd,Millennium Mining Co.Ltd,شركة سودانية, الخرطوم – حي الصفا – ش عبيد ختم – مربع 1- جنوب طلمبة النحلة مبنى رقم 440 -الطابق (الأرضي + الأول),millenniumsudan@yahoo.com,ابراهيم علي احمد,183269704,ابراهيم علي احمد,1830282700,millenniumsudan@yahoo.com,مقبلة
EL Rand for Advance Business Company.Ltd,EL Rand for Advance Business Company.Ltd,شركة سودانية,الخرطوم – المنطقة الصناعية -تقاطع شارع الغابة مع  شارع الخور,alrand@as-sd.com,عبدالمجيد سليمان,912141645,سامي عبدالمجيد سليمان,912300749,alrand@as-sd.com,منتجة
ZAT EL EMAT Industry CO.LTD,ZAT EL EMAT Industry CO.LTD,شركة سودانية,الخرطوم  شارع  الاسبتالية  - غرب كلية الصيدلة - جوار المستوصف التركي,zatalemed@hotmail.com,عماد سليمان محمد علي,912356562,عثمان محمد محمود علي,912359486,zatalemed@hotmail.com,مقبلة
ولاية البحر الأحمر (الرضا للتعدين),ولاية البحر الأحمر (الرضا للتعدين),شركة سودانية, الخرطوم بحري- كافوري--شارع الصناعات-  مربع 2- شارع كافوري وسط- جوار شركة النيل الأزرق للأدوية- الطابق الثالث,sudan.gov.sd,امانة حكومة ولاية البحر الأحمر,185000000,امانة حكومة ولاية البحر الأحمر,185000000,sudan.gov.sd,منتجة
ايربوس للهندسة والتجارة المحدودة,ايربوس للهندسة والتجارة المحدودة,شركة سودانية,الخرطوم 3 - جنوب نادي الأسرة ,nibrastranss@gmail.com,يوسف يحي أتيم,912177380,عبدالرحيم صالح عبدالرحيم,918379929,nibrastranss@gmail.com,متقدمة
كهرمان للأنشطة المتعددة و الإستثمار المحدودة,كهرمان للأنشطة المتعددة و الإستثمار المحدودة,شركة سودانية,الخرطوم 3 - جنوب نادي الأسرة ,delmon@hotmail.com,الحسين الامين عمر احمد,123333455,هارون فضل,123330008,delmon@hotmail.com,متقدمة
ASPIRE NATURAL RESOURCES CO.LTD,ASPIRE NATURAL RESOURCES CO.LTD,شركة سودانية,الخرطوم- العمارات- شارع المطار- شارع 51- مبني رقم 23- جوار شركة أسوار- برج زينة الطابق الأرضي. ,vnk_shi@yahoo.ocm,sirnivas rama raju alluri,183777939,فيجن ناير,918062314,vnk_shi@yahoo.ocm,متقدمة
مياس ساند المعدنية المحدودة,مياس ساند المعدنية المحدودة,شركة كندية - أسترالية, الخرطوم -العمارات -شارع 3 -مبني رقم 22 ,perseusmining.com,brent irving,901231385,محمد عبدالحفيظ,123855955,perseusmining.com,منتجة
KUSH FOR EXPLORATION & PRODUCTION CO.LTD,KUSH FOR EXPLORATION & PRODUCTION CO.LTD,شركة روسية, الخرطوم-قادرن سيتي - شمال مجموعة معاوية البرير ,e.alexandrov@gmail.com,evgeny alexandrov,183777939,evgeny alexandrov,183777939,e.alexandrov@gmail.com,منتجة
HUSSIEN MADAWI BARAKA & SONS COMPANY LIMITED,HUSSIEN MADAWI BARAKA & SONS COMPANY LIMITED,شركة سودانية,الخرطوم العمارات شارع 15 -جوار البنك الزراعي – مبنى صندوق التامين الاجتماعي,hassein@sudanmail.net,محمد حسين مضوي ,9118888880,ناجي عباس,9118888880,hassein@sudanmail.net,مقبلة
بيوضة الكبرى للإستثمار  والتنمية,بيوضة الكبرى للإستثمار  والتنمية,شركة سودانية,الخرطوم – الجريف  تقاطع اوماك مع الستين -مبني رقم 375 -مجموعة حمدي الاستشارية,bayuda.21@outlook.com,أحمد سالم عباس عبدالهادي ,912308597,أحمد سالم عباس عبدالهادي ,912308374,bayuda.21@outlook.com,بحث 
SOFT JATHASU FOR INVESTMENT CO.LTD,SOFT JATHASU FOR INVESTMENT CO.LTD,شركة سودانية - يابانية,الخرطوم –الجريف غرب-شارع الستين - مربع 21- مبنى رقم 183- جوار البشائر للأساس,Omeryassin27@hotmail.com,الرشيد عمر محمد يس,912321231,ايمن عثمان الامين,912830005,Omeryassin27@hotmail.com,مقبلة
MANAHOLDING CO.LTD,MANAHOLDING CO.LTD,شركة صينية - مغربية,الخرطوم-الجريف غرب- ش الستين- مقابل وزارة الأوقاف-مبنى رقم 158-الطابق الأرضي-شقة رقم2,abarro@managem-ore.com,li mengwen,907597777,chen youdong,963333366,abarro@managem-ore.com,مقبلة
حكومة ولاية نهر النيل و  أركيديا للموارد الأفريقية المحدودة,حكومة ولاية نهر النيل و  أركيديا للموارد الأفريقية المحدودة,شركة سودانية,الخرطوم –الرياض- شارع مستشفي مكة- جنوب مطعم باب حسين.,sudan.gov.sd,الامانة العامة حكومة ولاية نهر النيل,185000000,الامانة العامة حكومة ولاية نهر النيل,185000000,sudan.gov.sd,متقدمة
نجيم قولد للتعدين المحدودة,نجيم قولد للتعدين المحدودة,شركة صينية - مغربية,الخرطوم-الجريف غرب- ش الستين- مقابل وزارة الأوقاف-مبنى رقم 158-الطابق الأرضي-شقة رقم2,abarro@managem-ore.com,li mengwen,907597777,chen youdong,963333366,abarro@managem-ore.com,مقبلة
FINE GOLD TRADING COMPANY LIMITED,FINE GOLD TRADING COMPANY LIMITED,شركة سودانية,الخرطوم -  السوق العربي-غرب فندق البحرين ,finegoldmining.com,البشير محمد علي طه,912307661,عبدالرحمن وضاحة علي طه,912397774,finegoldmining.com,بحث 
بركان للصناعات المعدنية المحدودة,بركان للصناعات المعدنية المحدودة,شركة سودانية,الخرطوم –أركويت شارع البلابل –مربع 65  ,elsallawi@sudasam.com,عبدالرحمن السلاوي,912301957,محمد عبدالرحمن السلاوي,912301957,elsallawi@sudasam.com,بحث 
ولاية شمال كردفان,ولاية شمال كردفان,شركة سودانية, ولاية شمال كردفان – الأبيض- وزارة الموارد المائية والصناعة والتعدين,sudan.gov.sd,امانة حكومة ولاية شمال كردفان,185000000,امانة حكومة ولاية شمال كردفان,185000000,sudan.gov.sd,بحث
جهينة للتجارة والاستثمار المحدودة,جهينة للتجارة والاستثمار المحدودة,شركة سودانية, الخرطوم 3 – شارع الحرية – مبنى جهينة للإسبيرات -الطابق الأول   ,guhaina@hotmail.com,عدلي سيد محمد طاهر,183496963,عدلي سيد محمد طاهر,183496963,guhaina@hotmail.com,مقبلة
DONGALA-ARGEEN HIGH WAY FOR INVESTMENT COMPANY LIMITED,DONGALA-ARGEEN HIGH WAY FOR INVESTMENT COMPANY LIMITED,شركة سودانية, الخرطوم – بري اللاماب مربع 9- عقار رقم (497) –  جنوب برج الإتصالات,rehab@zawayagroup.com,عبدالباسط حمزة,912332069,موسى دنقلا ارقين,912208657,rehab@zawayagroup.com,متقدمة
الهاجري للأعمال المتقدمة المحدودة,الهاجري للأعمال المتقدمة المحدودة,شركة سعودية,الخرطوم –شارع المك نمر – جوار السفارة النيجيرية  - الطابق الأول - شقة رقم 4  ,alhajrymining.com,خالد عثمان الحاج عمر,122091765,خالد عثمان الحاج عمر,122091765,alhajrymining.com,بحث 
الولاية الشمالية,الولاية الشمالية,شركة سودانية, الولاية الشمالية  - دنقلا- مكتب  وزير التخطيط العمراني,it@alshamaliastate.org.sd,الامانة العامة حكومة  الولاية الشمالية,185000000,الامانة العامة حكومة  الولاية الشمالية,185000000,it@alshamaliastate.org.sd,بحث 
مشروع جبل عامر(الجنيد للأنشطة المتعددة سابقاً),مشروع جبل عامر(الجنيد للأنشطة المتعددة سابقاً),شركة سودانية, الخرطوم – الرياض– شارع 117 جوار رئاسة شركة الهدف,smrc,smrc,smrc,smrc,smrc,smrc,بحث 
نبتة للجيولوجيا و التعدين المحدودة,نبتة للجيولوجيا و التعدين المحدودة,شركة مصرية,الخرطوم 3 – نادي الأسرة- شرق شركة زين ,ragab.elbanna@ascom.com,حسين محمد عبدالحميد,915663536,حسين محمد عبدالحميد,915663536,ragab.elbanna@ascom.com,بحث 
آيات لخدمات حقول البترول المحدودة,آيات لخدمات حقول البترول المحدودة,شركة سودانية, الخرطوم – العمارات – تقاطع شارع محمد نجيب مع شارع 35 – مبنى 17 ,Web site: eyatoil.com,احمد هارون,999600700,احمد هارون,999600700,Web site: eyatoil.com,منتجة
عبد الوهاب السيسي للتعدين المحدودة,عبد الوهاب السيسي للتعدين المحدودة,شركة سودانية,مكتب الخرطوم-الخرطوم- بري قاردن سيتي–شارع ميامي- غرب معرض الخرطوم الدولي - مكتب بحري: بحري شارع الحوادث - مستشفي بحري,dr.alsisi@hotmail.com,عبدالمعين ,912236766,عبدالمعين ,912236766,dr.alsisi@hotmail.com,منتجة
الحضارات القديمة للاستثمار المحدودة,الحضارات القديمة للاستثمار المحدودة,شركة سودانية,الخرطوم – شارع الصحافة زلط – (شارع كترينا)– مقابل صينية بدر,ancientcivililmining.com,عبدالقادر محمد زين,185000000,عبدالقادر محمد زين,185000000,ancientcivililmining.com,بحث 
T.W.N.   للتعدين المحدودة,T.W.N.   للتعدين المحدودة,شركة أردنية,الخرطوم – العمارات -شارع المطار –شارع 57 ,abdosaudi@yahoo.com,علي حمد عيسى فضل الله,912931885,محاسن عباس خالد,912931885,abdosaudi@yahoo.com,بحث 
سر الختم أحمد طه و أولاده العالمية للإستثمار,سر الختم أحمد طه و أولاده العالمية للإستثمار,شركة سودانية,الخرطوم بحري- المنطقة الصناعية- شمال جهاز الأمن ,ssinvestmentlimited@gmail.com,,,,,,متقدمة
ولاية الجزيرة,ولاية الجزيرة,شركة سودانية,ولاية الجزيرة - مدني - شارع النيل - وزارة التخطيط العمراني - جوار قصر الضيافة,sudan.gov.sd,امانة حكومة ولاية الجزيرة,185000000,امانة حكومة ولاية الجزيرة,185000000,sudan.gov.sd,بحث 
ولاية الخرطوم,ولاية الخرطوم,شركة سودانية,الخرطوم – شارع افريقيا- وزارة الصناعة والإستثمار  ,sudan.gov.sd,امانة حكومة ولاية الخرطوم,185000000,امانة حكومة ولاية الخرطوم,185000000,sudan.gov.sd,بحث 
ولاية النيل الأزرق,ولاية النيل الأزرق,شركة سودانية, ولاية النيل الأزرق – الدمازين – وزارة المالية والإقتصاد والتنمية – إدارة الصناعة والتعدين ,sudan.gov.sd,امانة حكومة ولاية النيل الازرق,185000000,امانة حكومة ولاية النيل الازرق,185000000,sudan.gov.sd,بحث 
ولاية غرب دارفور,ولاية غرب دارفور,شركة سودانية,ولاية غرب دارفور- الجنينة- وزارة التخطيط العمراني,sudan.gov.sd,امانة حكومة ولاية غرب دارفور,185000000,امانة حكومة ولاية غرب دارفور,185000000,sudan.gov.sd,بحث 
ولاية جنوب دارفور,ولاية جنوب دارفور,شركة سودانية, ولاية جنوب دارفور – مبنى الولاية- مكتب الإستثمار,sudan.gov.sd,امانة حكومة ولاية جنوب دار فور,185000000,امانة حكومة ولاية جنوب دار فور,185000000,sudan.gov.sd,بحث 
OAM   للتعدين المحدودة,OAM   للتعدين المحدودة,شركة سودانية,الخرطوم – ابراج النصر – مبنى رقم 42D -الطابق الثاني,vishnuoswal@gmail.com,vishnuoswal,185000000,vishnuoswal,185000000,vishnuoswal@gmail.com,بحث 
بي بي هيدروليك المحدودة (بي بي للتعدين),بي بي هيدروليك المحدودة (بي بي للتعدين),شركة سودانية,الخرطوم- شرق مستشفى رويال كير - مبنى رقم 14-  الطابق الثالث - شقة رقم 8,bb.hydraulic2012@gmail.com,ابوبكر محمد ابراهيم ,185000000,ابوبكر محمد ابراهيم ,185000000,bb.hydraulic2012@gmail.com,بحث 
ولاية غرب كردفان,ولاية غرب كردفان,شركة سودانية,ولاية غرب كردفان – الفولة – وزارة المالية,westkordofanstate@outlook.com,امانة حكومة ولاية غرب كردفان,185000000,امانة حكومة ولاية غرب كردفان,185000000,sudan.gov.sd,بحث 
ولاية غرب كردفان,ولاية غرب كردفان,شركة سودانية,ولاية غرب كردفان – الفولة – وزارة المالية,westkordofanstate@outlook.com,امانة حكومة ولاية غرب كردفان,185000000,امانة حكومة ولاية غرب كردفان,185000000,sudan.gov.sd,بحث 
QMSD MINING CO.LTD,QMSD MINING CO.LTD,شركة قطرية,الخرطوم –شارع أفريقيا -تقاطع عفراء -عمارة بنك ابوظبي الاسلامي -الطابق الاول,malshahwani@qatarmining.com,حمد راشد العذبه,97455872255,علي أوكير,911296629,malshahwani@qatarmining.com,مقبلة
ولاية النيل الأزرق,ولاية النيل الأزرق,شركة سودانية, ولاية النيل الأزرق – الدمازين – وزارة المالية والإقتصاد والتنمية – إدارة الصناعة والتعدين ,sudan.gov.sd,امانة حكومة ولاية النيل الازرق,185000000,امانة حكومة ولاية النيل الازرق,185000000,sudan.gov.sd,بحث 
النحلة للبترول المحدودة,النحلة للبترول المحدودة,شركة سودانية,الخرطوم - العمارات – شارع 61 – طلمبة النحلة ,info@beegroub.net,يوسف جمال الدين عثمان,1434704780,حسن يوسف,1434704780,info@beegroub.net,بحث 
المتحدة للتعدين المحدودة (يو إم سي),المتحدة للتعدين المحدودة (يو إم سي),شركة سودانية,الخرطوم – المنشية – جوار MTN,siddig.elgemri@passive-monitoring.com,عوض الله نواي,185000000,عوض الله نواي,185000000,siddig.elgemri@passive-monitoring.com,متقدمة
ولاية البحر الاحمر,ولاية البحر الاحمر,شركة سودانية, ولاية البحر الأحمر – بورتسودان – رئاسة أمانة الحكومة ,motabaa2020@yahoo.com,امانة حكومة ولاية البحر الاحمر,185000000,امانة حكومة ولاية البحر الاحمر,185000000,motabaa2020@yahoo.com,بحث 
لازوتين للتعدين,لازوتين للتعدين,شركة سودانية,الخرطوم – ابراج النصر مبنى رقم A31- الطابق السادس- شقة 601  ,welltecraco@yahoo.com,سعد الطيب احمد,912151998,مجاهد بلال طه,123013870,welltecraco@yahoo.com,منتجة
البجراوية للتعدين,البجراوية للتعدين,شركة سودانية,الخرطوم 2 – جنوب حديقة القرشي – الخرطوم  شرق - مربع 2/A  شارع 28  ,albagrawiya@Yahoo .ca,عثمان الشيخ مصطفى الامين,185000000,عثمان الشيخ مصطفى الامين,185000000,albagrawiya@Yahoo .ca,بحث 
ديزل للتعدين,ديزل للتعدين,شركة سودانية,الخرطوم– شارع المطار– مقابل مبنى الجمارك- عمارة المعدات الثقيلة ( GPC ),dieselminig.com,عثمان ديزل,185000000,عثمان ديزل,185000000,dieselminig.com,بحث 
ولاية جنوب كردفان,ولاية جنوب كردفان,شركة سودانية, الخرطوم -العمارات شارع 29 - مربع 38   ,algdail2me@gmail.com,امانة حكومة ولاية غرب كردفان,185000000,امانة حكومة ولاية غرب كردفان,185000000,algdail2me@gmail.com,بحث 
نيلان العالمية المحدودة,نيلان العالمية المحدودة,شركة سودانية, الخرطوم- شارع القيادة –جوار مسجد القيادة العامة ,Neilaninter@gmail.com,مصطفى صلاح الدين حسن ابوصالح,185000000,يعقوب محمود محمد الامين,185000000,Neilaninter@gmail.com,بحث 
مناجم العالمية للتعدين المحدودة(مانوب),مناجم العالمية للتعدين المحدودة(مانوب),شركة سودانية,الخرطوم -الجريف غرب مربع 80-  ش الستين- مقابل وزارة الأوقاف- مبنى رقم 158- الطابق الأرضي- شقة 2,abarro@managem-ona.com,حسن نبيل,912164802,قنديل,123181823,abarro@managem-ona.com,منتجة
الارض العالمية للحلول المتكاملة  المحدودة,الارض العالمية للحلول المتكاملة  المحدودة,شركة سودانية,الخرطوم – الطائف – شارع عبيد ختم- شمال سكر كنانة- غرب السفارة الأردنية سابقأ  ,alard60@gmail.com,مبارك الارض,185000000,مبارك الارض,185000000,alard60@gmail.com,بحث 
النواتي للتعدين (النواتي لتعدين الذهب والنحاس),النواتي للتعدين (النواتي لتعدين الذهب والنحاس),شركة سودانية - صينية, الخرطوم – الجريف غرب -شارع الستين – مربع- 78 -عقار رقم 59,alnawati@hotmail .com,sun  gun bo,912373232,د تاي الله,121471917,alnawati@hotmail .com,منتجة
مهوقني للاستثمار المحدودة,مهوقني للاستثمار المحدودة,شركة سودانية,الخرطوم بحري – شمال شارع كسلا –جوار البنك الأهلي المصري مبني رقم 19 -22,mahoganymining.com,محمد الطيب,9122696997,احمد مسلم,183777939,mahoganymining.com,منتجة
BRINSLEY ENTERPRISES LTD,BRINSLEY ENTERPRISES LTD,شركة سودانية - أردنية,الخرطوم- العمارات -ش 47- عمارة 18 – شقة 7,orshabmining@outlook.com,رمزي سلامة,185312233,رمزي سلامة,185312233,brinslymining.com,منتجة
OKO MINING INVESTMENTS CO.LTD,OKO MINING INVESTMENTS CO.LTD,شركة سودانية,الخرطوم قاردن سيتي مربع 73 ,www.dalgroup.com,د. محمد ابوفاطمة,912317032,احمد فيصل ,967898750,www.dalgroup.com,متقدمة
بولي بيوضة لتعدين الذهب ( حجاجية),بولي بيوضة لتعدين الذهب ( حجاجية),شركة سودانية,الخرطوم- شمال غرب كبري المك نمر- جوار حلويات الشامية- الطابق الثاني- شقة رقم 3,admico2@hotmail.com,انور مختار,123320076,محمد عثمان,908416109,admico2@hotmail.com,منتجة
تاهي العالمية للتعدين (دلقو للتعدين),تاهي العالمية للتعدين (دلقو للتعدين),شركة تركية,الخرطوم بحري-المغتربين –-شارع الإنقاذ مربع 4– غرب الكرين مبنى رقم 32,tahemining.com,احمد شاهين,185000000,حسن محمد حسن,185000000,tahemining.com,منتجة
أرياب للتعدين,أرياب للتعدين,شركة سودانية,الخرطوم - شارع البلدية,www.Ariammining.com,نصر الدين الحسين,912393491,دايتك علي دايتك,912143626,www.Ariammining.com,منتجة
تيانجين هواكان,تيانجين هواكان,شركة صينية,الخرطوم-بري الللاماب –ش محمد شريف- مربع 6 – مبنى 386,sudanhuakan@gmail.com,وانق شين جي,915186184,ندى هواكان,912473090,sudanhuakan@gmail.com,منتجة
زيتونة للتعدين,زيتونة للتعدين,شركة سودانية,الخرطوم-الرياض مربع 1 – شارع مستشفى مكة – مبنى رقم 9 عمارة آمنة ,abualnoor41727@gmail.com,احمد سرالختم,121774392,علي محمد علي ,121774392,abualnoor41727@gmail.com,بحث 
نحمدو  للتعدين,نحمدو  للتعدين,شركة سودانية,الخرطوم- تقاطع شارع البلدية  مع شارع عثمان دقنة شرق المنظمة العربية للتنمية الزراعية  ,nahmido214@gmail.com,مدير عام نحمدو,185000000,ممثل نحمدو,185000000,nahmido214@gmail.com,بحث 
الوادي الأصفر للتجارة و الإستثمار المحدودة,الوادي الأصفر للتجارة و الإستثمار المحدودة,شركة سودانية,الخرطوم - شارع الهوى – الأزهري -مربع 19,fox109@outlook.com,ممثل الوادي الاصفر,185000000,ممثل الوادي الاصفر,185000000,fox109@outlook.com,بحث 
أم القرى للتعدين,أم القرى للتعدين,شركة سودانية, الخرطوم 3 – شارع بيويو كوان - تقاطع شارع 55 - مبنى رقم 3,gold@umalgura.com,صادق حاج علي,185000000,حسن حاج علي,185000000,gold@umalgura.com,مقبلة
دانفوديو لخدمات البترول المحدودة,دانفوديو لخدمات البترول المحدودة,شركة سودانية,الخرطوم- الكلاكلة - سوق الكلاكلة شمال - مربع 10- مبنى رقم 93,oalamin@dps.com,عثمان مضوي,185000000,عثمان مضوي,185000000,oalamin@dps.com,متقدمة
اي آد تيكنولوجي المحدودة,اي آد تيكنولوجي المحدودة,شركة سودانية,الخرطوم – شرق شارع المك نمر مربع 6 ,e-ado3@hotmail.com,مدير عام اياد تكنولوجي,185000000,ممثل اباد تكنولوجي,185000000,e-ado3@hotmail.com,بحث 
مياس نوب للأنشطة المتعددة (بان سودان ريسورسز-شركة الإنتاج),مياس نوب للأنشطة المتعددة (بان سودان ريسورسز-شركة الإنتاج),شركة سودانية, الخرطوم بحري- كافوري مربع 11 شارع الصفوة مبنى رقم 31/7   ,osmankhider@yahoo.com,عثمان خضر,185000000,محمد عثمان البدري,185000000,osmankhider@yahoo.com,منتجة
السنط للتعدين المحدودة,السنط للتعدين المحدودة,شركة سودانية, الخرطوم – الرياض ش 117 -مربع 19-جنوب غرب مسجد الراشدين وشرق شركة الهدف,omran2914@gmail.com,مدير عام السنط للتعدين,185000000,مدير عام السنط للتعدين,185000000,omran2914@gmail.com,بحث 
الحامدين للتعدين,الحامدين للتعدين,شركة سودانية,الخرطوم- - شارع مأمون بحيري – شقق النصر مبنى رقم ( AO),saadalhmdeen@gmail.com,مدير عام الحامدين,185000000,مدير عام الحامدين,185000000,saadalhmdeen@gmail.com,بحث 
نارس للأنشطة المتعددة المحدودة,نارس للأنشطة المتعددة المحدودة,شركة سودانية,الخرطوم -شارع عبد المنعم محمد- مبني رقم 53/52,saadalhmdeen@gmail.com,فضل احمد فضل,185000000,عثمان ادروب,185000000,Mohmed_seed56@hotmail.com,بحث 
الدوحة للإستثمار المحدودة,الدوحة للإستثمار المحدودة,شركة قطرية, الخرطوم -العمارات -شارع 3 ,Mohmed_seed56@hotmail.com,الشيخ فهد حمد عبد العزيز حمد آل ثاني,97450844000,الشيخ فهد حمد عبد العزيز حمد آل ثاني,97450844000,mohamedgeology@hotmail.com,بحث 
النحلة للتنمية والإسكان المحدودة,النحلة للتنمية والإسكان المحدودة,شركة سودانية,الخرطوم - العمارات – شارع 61 – طلمبة النحلة ,info@beegroub.net,يوسف جمال الدين عثمان,1434704780,حسن يوسف,1434704780,info@beegroub.net,بحث 
كمبال العالمية المحدودة,كمبال العالمية المحدودة,شركة سودانية,الخرطوم – شارع علي عبد اللطيف-برج الفيحاء -بناية رقم 10- شقة رقم 8,kico2005@maktoob.com,محمد صلاح كمبال,183779337,نزار جيولوجي,183779337,kico2005@maktoob.com,مقبلة
لوسيل للتعدين المحدودة,لوسيل للتعدين المحدودة,شركة سودانية,الخرطوم –شارع أفريقيا -تقاطع عفراء -عمارة بنك ابوظبي الاسلامي –الطابق الرابع,Lusail.mining@gmail.com,محمد سعد زين العابدين,912347580,عثمان يوسف عوض الله,912475806,Lusail.mining@gmail.com,بحث 
أوبال كواريز,أوبال كواريز,شركة سودانية,الخرطوم- تقاطع شارع افريقيا مع شارع 61– مبني رقم 19,info@opalquarries.com,علي محمد عمر,185000000,علي محمد عمر,185000000,info@opalquarries.com,بحث 
بلوتو للأنشطة المتعددة المحدودة (بلوتو للتعدين- إسم عمل),بلوتو للأنشطة المتعددة المحدودة (بلوتو للتعدين- إسم عمل),شركة سودانية,الخرطوم – شارع علي عبد اللطيف-برج الفيحاء -بناية رقم 10- شقة رقم 8,plutomining.com,عمار محمد عثمان,912308106,عمار محمد عثمان,912308106,plutomining.com,بحث 
أعمال أنفاس للتعدين,أعمال أنفاس للتعدين,شركة سودانية,الخرطوم- شارع مامون بحيري – عمارة عرب اوث- شقة رقم 4,anfasmining.com,مدير عام اعمال انفاس للتعدين,185000000,ممثل اعمال انفاس للتعدين,185000000,anfasmining.com,بحث 
ALGUNADE FOR MULTI ACTIVITIES CO.LTD,ALGUNADE FOR MULTI ACTIVITIES CO.LTD,شركة سودانية,الخرطوم- الجريف غرب- الحارة الأولى- مربع 134,Waleedeitayeb26@gmail .com ,عبدالرحمن احمد البكري,185000000,ادم حمدان علي محمد,185000000,Waleedeitayeb26@gmail .com ,مقبلة
سودامين المحدودة,سودامين المحدودة,شركة سودانية,الخرطوم - المنشية -شارع الكبري,www.sudamin.com,كمال حسن الحاج رحمة,912300914,محمد كمال سيد احمد,123006868,www.sudamin.com,بحث 
الدغيثر للإستثمار والتعدين المحدودة,الدغيثر للإستثمار والتعدين المحدودة,شركة سودانية,الخرطوم بحري- الصافية – مربع 1 – منزل 25,aldegathermining.com,عبدالله الصادق,185000000,مدثر بله,122325503,aldegathermining.com,مقبلة
هجو للمقاولات (الدالي والمزموم لاعمال التربة والمقاولات),هجو للمقاولات (الدالي والمزموم لاعمال التربة والمقاولات),شركة سودانية,الخرطوم- العمارات- شارع 1 -عقار رقم 3,hagomining.com,عمر ادريس المصباح,912387933,عمر ادريس المصباح,912387933,hagomining.com,بحث 
ود الجمالي للانشطة المتعددة,ود الجمالي للانشطة المتعددة,شركة سودانية,الخرطوم بري قاردن سيتي منزل رقم 66 برج الحجاز ,www.Wdalgamalymining.com,عثمان حسين حجازي ,183000000,محمد النور الحاج,911025805,www.Wdalgamalymining.com,بحث 
سانجوب للتعدين,سانجوب للتعدين,شركة سودانية,الخرطوم - فرع البيك رقم 73/ مربع 25,info.sanjoub@albarajoub.com,مصعب بشير,912388334,امجد حيدر,123345718,info.sanjoub@albarajoub.com,بحث 
البدري للطاقة المحدودة,البدري للطاقة المحدودة,شركة سودانية,الخرطوم – المنشية – شارع 28,www.albadripower.com,محمد عثمان البدري,123003000,خالد علي,998777717,www.albadripower.com,مقبلة
الغالي للتعدين المحدودة,الغالي للتعدين المحدودة,شركة سودانية,الخرطوم - بري اللاماب جوار برج الإتصالات,alghalimining.com,عماد عبدالمطلب عبداللطيف,912305653,عبدون عبدالمطلب عبداللطيف,912399237,alghalimining.com,بحث 
DESERT MINERALS CO LTD,DESERT MINERALS CO LTD,شركة سودانية,الخرطوم - العمارات - شارع رقم 7 - منزل رقم 32 - الطابق الثاني,gm@desert-minerals.com,rafik isahakyan,249968117496,rafik isahakyan,249968117496,gm@desert-minerals.com,منتجة
CONCORP MINING CO.LTD,CONCORP MINING CO.LTD,شركة سودانية,الخرطوم - الخرطوم شمال,info@concorp.net,مصطفى عبدالله حسين,912319910,مصطفى عبدالله حسين,912319910,info@concorp.net,بحث 
MTA COMPANY.LTD,MTA COMPANY.LTD,شركة تركية,الخرطوم - الرياض مربع 18 - مبنى فرح الطابق الثالث,info@mtasudan.com,ramazan ramzi,183527285,ramazan ramzi,183527285,info@mtasudan.com,بحث 
MTA COMPANY.LTD,MTA COMPANY.LTD,شركة تركية,الخرطوم - الرياض مربع 18 - مبنى فرح الطابق الثالث,info@mtasudan.com,ramazan ramzi,183527285,ramazan ramzi,183527285,info@mtasudan.com,بحث 
DAL Mining Investment Company LTD,DAL Mining Investment Company LTD,شركة سودانية,الخرطوم قاردن سيتي مربع 73 ,www.dalgroup.com,د. محمد ابوفاطمة,912317032,احمد فيصل ,967898750,www.dalgroup.com,بحث 
لايزون للتعدين وخدمات التعدين,لايزون للتعدين وخدمات التعدين,شركة سودانية,الخرطوم- الخرطوم 2 - شارع 55 - برج الزهراء شقة رقم 205,info@lizon.net,سيف الدين عمر فضل الله,918070695,هشام عمر الحاج فضل الله,914542992,hisham@lizon.net,بحث 
KHADAMAAT ALTADEEN FOR INTEGRATED SOLUTIONS CO.LTD,KHADAMAAT ALTADEEN FOR INTEGRATED SOLUTIONS CO.LTD,شركة سودانية,الخرطوم العمارات - شارع 51 - برج الهدى,Waleedeitayeb26@gmail .com ,ادم تاج الدين سلمان,912153717,عبدالمنعم محي الدين ماهل,122835775,Waleedeitayeb26@gmail .com ,بحث 
KHADAMAAT ALTADEEN FOR INTEGRATED SOLUTIONS CO.LTD,KHADAMAAT ALTADEEN FOR INTEGRATED SOLUTIONS CO.LTD,شركة سودانية,الخرطوم العمارات - شارع 51 - برج الهدى,Waleedeitayeb26@gmail .com ,ادم تاج الدين سلمان,912153718,عبدالمنعم محي الدين ماهل,122835776,Waleedeitayeb26@gmail .com ,بحث 
KHADAMAAT ALTADEEN FOR INTEGRATED SOLUTIONS CO.LTD,KHADAMAAT ALTADEEN FOR INTEGRATED SOLUTIONS CO.LTD,شركة سودانية,الخرطوم العمارات - شارع 51 - برج الهدى,Waleedeitayeb26@gmail .com ,ادم تاج الدين سلمان,912153719,عبدالمنعم محي الدين ماهل,122835777,Waleedeitayeb26@gmail .com ,بحث 
SHUN XIANG ALALAMEYA TRADING AND INVESTMENT CO.LTD,SHUN XIANG ALALAMEYA TRADING AND INVESTMENT CO.LTD,شركة سودانية,الخرطوم - اركويت البلابل مبنى رقم 54 - منزل رقم 344,azza@shunshiangmining.com,عازة حامد عيسى فضل,122014913,احمد حامد عيسى فضل,997221222,azza@shunshiangmining.com,بحث 
AL SHATI COMPANY FOR MINING LIMITED,AL SHATI COMPANY FOR MINING LIMITED,شركة سودانية,الخرطوم بحري - شارع رقم 3 - منزل رقم 11,simhar-co@hotmail.com,الضو صديق الضو يوسف,123550238,بهاء الدين محمد حسن,915188853,simhar-co@hotmail.com,بحث 
YAMANI FOR DEVELOPMENT CO.LTD,YAMANI FOR DEVELOPMENT CO.LTD,شركة سودانية,الخرطوم - الخرطوم 2 شارع كاترينا - المبنى رقم 8,salah.hm@hotmail.com,صلاح الدين حسن علي,912154988,حسن بابكر ابراهيم سعيد,116815947,salah.hm@hotmail.com,بحث 
HADEEL For DEVELOPED POROJECT CO.LTD,HADEEL For DEVELOPED POROJECT CO.LTD,شركة سودانية,الخرطوم - الخرطوم شمال,hadeelcompany2021@gmail.com,ياسر الصديق بابكر محمد ,183000000,ياسر الصديق بابكر محمد ,183000000,hadeelcompany2021@gmail.com,بحث 
WANBAO SAHARA MINING CO.LTD,WANBAO SAHARA MINING CO.LTD,شركة صينية,الخرطوم - امتداد البراري منزل رقم 264,www.wbmining.com,li mengwen,907597777,chen youdong,963333366,limw@wbmining.com,بحث 
WANBAO SAHARA MINING CO.LTD,WANBAO SAHARA MINING CO.LTD,شركة صينية,الخرطوم - امتداد البراري منزل رقم 264,www.wbmining.com,li mengwen,907597778,chen youdong,963333367,limw@wbmining.com,بحث 
WANBAO SAHARA MINING CO.LTD,WANBAO SAHARA MINING CO.LTD,شركة صينية,الخرطوم - امتداد البراري منزل رقم 264,www.wbmining.com,li mengwen,907597779,chen youdong,963333368,limw@wbmining.com,بحث 
WANBAO SAHARA MINING CO.LTD,WANBAO SAHARA MINING CO.LTD,شركة صينية,الخرطوم - امتداد البراري منزل رقم 264,www.wbmining.com,li mengwen,907597780,chen youdong,963333369,limw@wbmining.com,بحث 
WANBAO SAHARA MINING CO.LTD,WANBAO SAHARA MINING CO.LTD,شركة صينية,الخرطوم - امتداد البراري منزل رقم 264,www.wbmining.com,li mengwen,907597781,chen youdong,963333370,limw@wbmining.com,بحث 
WANBAO SAHARA MINING CO.LTD,WANBAO SAHARA MINING CO.LTD,شركة صينية,الخرطوم - امتداد البراري منزل رقم 264,www.wbmining.com,li mengwen,907597782,chen youdong,963333371,limw@wbmining.com,بحث 
KALDOFAN FOR MINING CO.LTD,KALDOFAN FOR MINING CO.LTD,شركة إماراتية,الخرطوم - المنشية تقاطع كبري المنشية,www.kmmining.com,مرتضى محمد عابدين,122517527,محمد النور الحاج,911025805,malnor@kmmining.com,بحث 
FREEDOM COMPANY LIMITED,FREEDOM COMPANY LIMITED,شركة سودانية,الخرطوم - المنشية تقاطع كبري المنشية,www.kmmining.com,مدير عام شركة فريدم,122517527,ممثل شركة فريدم,911025805,malnor@kmmining.com,بحث 
SHANDONG WEIHAI FOUNDATION ENGINEERING CO.LTD,SHANDONG WEIHAI FOUNDATION ENGINEERING CO.LTD,شركة صينية,الخرطوم المنشية - شارع الدوحة منزل رقم 364,sdpisgw@163.com,bi ming guang,901954313,sun gong wei,906970789,sdpisgw@163.com,بحث 
SUDAMATIC TRADING CO.LTD,SUDAMATIC TRADING CO.LTD,شركة سودانية,الخرطوم - شارع الستين - مربع 2,www.sudamatic.com,لؤي عبد الغفور محمد داوؤد,912397543,خالد داوؤد,912736000,info@sudamatic.com,بحث 
ALMGFOLA FOR MINING,ALMGFOLA FOR MINING,شركة سودانية,الخرطوم - شارع الهوى - مبنى رقم 365,www.almgfola@gmail.com,alfateh aboh adoh Mohamed,912211458,عبد المجيد عماد فضل عبد القادر,912818528,www.almgfola@gmail.com,بحث 
SUDAMIN COMPANY LIMITED,SUDAMIN COMPANY LIMITED,شركة سودانية,الخرطوم - المنشية -شارع الكبري,www.sudamin.com,كمال حسن الحاج رحمة,912300914,محمد كمال سيد احمد,123006868,www.sudamin.com,بحث 
ALGENAID MULTI ACTIVITIES CO.LTD,ALGENAID MULTI ACTIVITIES CO.LTD,شركة سودانية,الخرطوم- الجريف غرب- الحارة الأولى- مربع 134,Waleedeitayeb26@gmail .com ,عبدالرحمن احمد البكري,185000000,ادم حمدان علي محمد,185000000,Waleedeitayeb26@gmail .com ,بحث 
ALGENAID MULTI ACTIVITIES CO.LTD,ALGENAID MULTI ACTIVITIES CO.LTD,شركة سودانية,الخرطوم- الجريف غرب- الحارة الأولى- مربع 134,Waleedeitayeb26@gmail .com ,عبدالرحمن احمد البكري,185000000,ادم حمدان علي محمد,185000000,Waleedeitayeb26@gmail .com ,بحث 
ARIAB MINING CO.LTD,ARIAB MINING CO.LTD,شركة سودانية,الخرطوم - شارع البلدية,www.Ariammining.com,نصر الدين الحسين,912393491,دايتك علي دايتك,912143626,www.Ariammining.com,بحث 
ARIAB MINING CO.LTD,ARIAB MINING CO.LTD,شركة سودانية,الخرطوم - شارع البلدية,www.Ariammining.com,نصر الدين الحسين,912393491,دايتك علي دايتك,912143626,www.Ariammining.com,بحث 
ARIAB MINING CO.LTD,ARIAB MINING CO.LTD,شركة سودانية,الخرطوم - شارع البلدية,www.Ariammining.com,نصر الدين الحسين,912393491,دايتك علي دايتك,912143626,www.Ariammining.com,بحث 
ARIAB MINING CO.LTD,ARIAB MINING CO.LTD,شركة سودانية,الخرطوم - شارع البلدية,www.Ariammining.com,نصر الدين الحسين,912393491,دايتك علي دايتك,912143626,www.Ariammining.com,بحث 
MUZUN FOR MINING CO.LTD,MUZUN FOR MINING CO.LTD,شركة سودانية,الخرطوم - الجريف غرب - مربع 23 - منزل رقم 404,www.exicogroup.com,احمد يوسف احمد,912307997,مؤمن محمد عبدالله محمد,123107997,Ahmed@excicogroup.com,بحث 
LBTY STEEL CO.LTD SUDAN,LBTY STEEL CO.LTD SUDAN,شركة سودانية,الخرطوم - الخرطوم جنوب,libtysteel.com,مدير عام لبتي ستيل,187000111,ممثل لبتي استيل,187000111,libtysteel.com,بحث 
ALMIZAN FOR PETROLEUM SERVICES AND MINING CO.LTD,ALMIZAN FOR PETROLEUM SERVICES AND MINING CO.LTD,شركة سودانية,الخرطوم العمارات شارع 9 منزل رقم 13,ESMEG0123@gmail.com,حسام الدين محمود عبد الحكيم,912163312,محمد عبد الرحيم يعقوب,912163312,ESMEG0123@gmail.com,بحث 
INTERNET TRADING & TRANSPORT INTERNATIONAL CO.LTD,INTERNET TRADING & TRANSPORT INTERNATIONAL CO.LTD,شركة سودانية,الخرط ابراج النيلين شارع كاتالينا منزل رقم 88,wagdi@ico.com,الامين محمد عبدالرحمن,909009457,قمر الدين عبد الله قمر الدين,962587454,wagdi@ico.com,بحث 
JWEELS FOR MINING,JWEELS FOR MINING,شركة سودانية,الخرطوم - شارع جابر ابو العز منزل رقم 24,wailaa55@gmail.com,وائل فيصل عبدالله احمد,912356688,علي حامد الكاشف عمر,928828882,wailaa55@gmail.com,بحث 
MAGDACO FOR MINING,MAGDACO FOR MINING,شركة سودانية,الخرطوم - الخرطوم شمال,magdacomining.com,مدير عام مجداكو ,183222444,ممثل مجداكو,183222444,magdacomining.com,بحث 
A D G MINING CO.LTD,A D G MINING CO.LTD,شركة سودانية,الخرطوم - الرياض,adgmining.com,محمد فقيري,183555888,محمد فقيري,183555888,adgmining.com,بحث 
KHALID ALFAKI AHMED RAHMA MINING ENTERPRISES,KHALID ALFAKI AHMED RAHMA MINING ENTERPRISES,شركة سودانية,سوق امدرمان - عمارة اولاد شندي مبنى رقم 4,khalid_shendi@yahoo.com,خالد الفكي احمد رحمة,912301511,سارة محمد ابراهيم,904433994,khalid_shendi@yahoo.com,بحث 
KHALDOFAN FOR MINING CO.LTD,KHALDOFAN FOR MINING CO.LTD,شركة اماراتية,الخرطوم - المنشية تقاطع كبري المنشية,www.kmmining.com,مرتضى محمد عابدين,122517527,محمد النور الحاج,911025805,malnor@kmmining.com,بحث 
DESERT MINERALS CO.LTD,DESERT MINERALS CO.LTD,شركة أرمينية,الخرطوم - العمارات - شارع رقم 7 - منزل رقم 32 - الطابق الثاني,gm@desert-minerals.com,rafik isahakyan,249968117496,rafik isahakyan,249968117496,gm@desert-minerals.com,بحث 
PAN AFRICAN RESOURCES MINERALS CO.LTD,PAN AFRICAN RESOURCES MINERALS CO.LTD,شركة جنوب أفريقية,بورتسودان - السوق حي الاغاريق عمارة كير,www.Panafrican.com,احمد المصطفى ,123440079,عمر بان افريكا,123910064,www.Panafrican.com,بحث 
PAN AFRICAN RESOURCES MINERALS CO.LTD,PAN AFRICAN RESOURCES MINERALS CO.LTD,شركة جنوب أفريقية,بورتسودان - السوق حي الاغاريق عمارة كير,www.Panafrican.com,احمد المصطفى ,123440080,عمر بان افريكا,123910065,www.Panafrican.com,بحث 
PAN AFRICAN RESOURCES MINERALS CO.LTD,PAN AFRICAN RESOURCES MINERALS CO.LTD,شركة جنوب أفريقية,بورتسودان - السوق حي الاغاريق عمارة كير,www.Panafrican.com,احمد المصطفى ,123440081,عمر بان افريكا,123910066,www.Panafrican.com,بحث 
PAN AFRICAN RESOURCES MINERALS CO.LTD,PAN AFRICAN RESOURCES MINERALS CO.LTD,شركة جنوب أفريقية,بورتسودان - السوق حي الاغاريق عمارة كير,www.Panafrican.com,احمد المصطفى ,123440082,عمر بان افريكا,123910067,www.Panafrican.com,بحث 
PAN AFRICAN RESOURCES MINERALS CO.LTD,PAN AFRICAN RESOURCES MINERALS CO.LTD,شركة جنوب أفريقية,بورتسودان - السوق حي الاغاريق عمارة كير,www.Panafrican.com,احمد المصطفى ,123440083,عمر بان افريكا,123910068,www.Panafrican.com,بحث 
SUDABO TRADING AND INVESTMENT CO.LTD,SUDABO TRADING AND INVESTMENT CO.LTD,شركة سودانية,الخرطوم - الخرطوم شمال,karoomkaroom@yahoo.com,عبدالله محمد عثمان,912300375,حيدر علي عبدالله,122095755,karoomkaroom@yahoo.com,بحث 
CREEPER INTEGRATED SOLUTIONS,CREEPER INTEGRATED SOLUTIONS,شركة سودانية,الخرطوم - بحري,creepermining.com,creeper general manger,184005588,creeper general manger,184005588,creepermining.com,بحث 
CHINA HAINA BAICHUAN INTERNATIONAL INVESTMENT CO.LTD,CHINA HAINA BAICHUAN INTERNATIONAL INVESTMENT CO.LTD,شركة صينية,الخرطوم - المنشية شارع اوماك شرق MTN -مبنى رقم 50 الطابق الخامس,ghii-mining.com,wang tian wei,912506747,wang tian wei,912506747,ghii-mining.com,بحث 
OSTORIA FOR ADVANCED BUSINESS CO.LTD,OSTORIA FOR ADVANCED BUSINESS CO.LTD,شركة سودانية,الخرطزم - الطائف شارع النخيل - منزل رقم 7,info@ostorian.com,خالد احمد عبد المجيد,201123591995,خالد احمد عبد المجيد,112922397,info@ostorian.com,بحث 
ELMUBARK ELTAYEB MINING,ELMUBARK ELTAYEB MINING,شركة سودانية,الخرطوم - العمارات شارع 45,eemmining.com,مبارك الطيب,183448899,مبارك الطيب,183448899,eemmining.com,بحث 
ALTAGEER INVESTMENT CO.LTD,ALTAGEER INVESTMENT CO.LTD,شركة سودانية,الخرطوم بحري مربع 7 منزل رقم 128,altageermining.com,الطيب العطا الطيب محمد,912300010,محمد عبد الرحيم الرضي,123674367,wdalrady@gmail.com,بحث 
DENMEAD PETROLEUM L.L.C,DENMEAD PETROLEUM L.L.C,شركة سودانية,dubai- business towers,denameadpetroluem.com,نزار ابراهيم عمر,97144541459,نزار ابراهيم عمر,97144541459,denameadpetroluem.com,بحث 
WD ALGAMALY MULTI ACTIVITIES CO.LTD,WD ALGAMALY MULTI ACTIVITIES CO.LTD,شركة سودانية,الخرطوم بري قاردن سيتي منزل رقم 66 برج الحجاز ,www.Wdalgamalymining.com,عثمان حسين حجازي ,183000000,محمد النور الحاج,911025805,www.Wdalgamalymining.com,بحث 
MUSLIH NASSAR INTERNATIONAL FOR MINING & SERVICES,MUSLIH NASSAR INTERNATIONAL FOR MINING & SERVICES,شركة سودانية,الخرطوم - الخرطوم شمال,mnsarmining.com,مصلح نصار,183225588,مصلح نصار,183225588,mnsarmining.com,بحث 
ALNASEER INTERNATIONAL CO.LTD,ALNASEER INTERNATIONAL CO.LTD,شركة سودانية,الخرطوم - العمارات شارع 7,wdalrady@gmail.com,جواد يوسفي,912300010,الطيب العطا الطيب ,918333363,wdalrady@gmail.com,بحث 
ALNASEER INTERNATIONAL CO.LTD,ALNASEER INTERNATIONAL CO.LTD,شركة سودانية,الخرطوم - العمارات شارع 8,wdalrady@gmail.com,جواد يوسفي,912300011,الطيب العطا الطيب ,918333364,wdalrady@gmail.com,بحث 
OPAL MINING CO.LTD,OPAL MINING CO.LTD,شركة سودانية,الخرطوم المقرن مربع 3 مبنى رقم 41,www.shakikqconsulant.com,احمد عبد الحميد الشقيق,912354809,عادل نصر علي محمد,113033986,www.shakikqconsulant.com,بحث 
ORC MULTI PURPOSE CO.LTD,ORC MULTI PURPOSE CO.LTD,شركة سودانية,الخرطوم اركويت مربع 59 مبنى 27 ,saddigamara12@gmail.com,صديق محمد علي عمارة ,9123004422,الضو الصديق االضو,912395220,saddigamara12@gmail.com,بحث 
DAL MINING INVESTMENT CO.LTD,DAL MINING INVESTMENT CO.LTD,شركة سودانية,الخرطوم قاردن سيتي مربع 73 ,www.dalgroup.com,د. محمد ابوفاطمة,912317032,احمد فيصل ,967898750,www.dalgroup.com,بحث 
DAL MINING INVESTMENT CO.LTD,DAL MINING INVESTMENT CO.LTD,شركة سودانية,الخرطوم قاردن سيتي مربع 73 ,www.dalgroup.com,د. محمد ابوفاطمة,912317032,احمد فيصل ,967898750,www.dalgroup.com,بحث 
JOINT STOCK COMPANY ZARUBEZHGEOLOGIA,JOINT STOCK COMPANY ZARUBEZHGEOLOGIA,شركة روسية,"69 novochermushkinskinskaya street,moscow,russian federation",,mr.alexey desyatkin,,mr.alexey desyatkin,,,بحث 
ALTALE MINING & INVESTMENT CO.LTD,ALTALE MINING & INVESTMENT CO.LTD,شركة ,"port sudan,elshati,block9,building10",,,,mr.siddig mohamed ali amara,,,بحث 
KALDOFAN FOR MINING CO.LTD,KALDOFAN FOR MINING CO.LTD,شركة اماراتية,"portsudan,nile state atbara,elmorbatwest,building25",,,,mr.murtada mohamed abdin elamin,,,بحث 
PETRONEEDS SERVICES INTERNATIONAL CO.LTD,PETRONEEDS SERVICES INTERNATIONAL CO.LTD,سودانية,altaif-alnakheel street-block23,,,,mohned zakaria ali ahmed,,,بحث 
