report_id,السنة,الشهر,تاريخ التقرير,ملاحظات,موقف الطلب,company_id,اسم الشركة,اسم الشركة انجليزي,نوع الشركة,رمز الشركة,حالة الشركة,license_id,تاريخ الترخيص,تاريخ بداية الرخصة,تاريخ نهاية الرخصة,رقم المربع,رقم الرخصة,نوع الرخصة
512,2025,8,1/8/2025,يظل الإهتمام بالبيئة وسلامة الإنسان وصحته محل إهتمام الشركة حيث تؤكد الشركة عملياً مدى إلتزامها بتوفير بيئة عمل صالحة ومميزة وفق المستوى الأعلى للإلتزام بمواصفات ومعايير السلامة وحماية العاملين.,تأكيد المراقب,45,حجاجية لتعدين الذهب المحدودة,HAGAGIA GOLD MINING COMPANY. LTD,إمتياز منتجة,,منتجة,188,21/5/2013,21/5/2013,21/5/2043,21,2013/32,
589,2025,8,1/8/2025,,تأكيد المراقب,265,يونميكس للانشطة المتعددة,Unmix for Multi-Activity Ltd,مخلفات,,منتجة,1582,15/4/2025,17/4/2025,16/4/2026,0,120/حجر معدنيين,عقد
585,2025,8,1/8/2025,,تأكيد المراقب,352,شركة اتش اند ام باور للهندسة والإنشاءات والتجارة المحدودة,H@M for engineering cons &trad,مخلفات,,منتجة,1564,9/3/2025,17/2/2025,16/2/2026,,153/حجر معدنيين,عقد
581,2025,8,1/8/2025,"-الاجراءت التصحيحية :
1- معالجة الصبة الخراسنية لخلاط السيانيد
2- نظافة عامة للمعسكر والمصنع
3- ازالة الاسكراب الموجود في منطقة الورشة
4- معالجة جزئية لبعض احواض المحاليل
5- توفير الالبان بصورة مستمرة
- التوصيات
1- توفير علامات السلامة الارشادية والتحزيرية
2- انشاء حمام طوارئي بدلا عن الموجود وتركيب مغسلة عيون
3- معالجة مكثف الزئبق الحالي بغرفة الصهر وتركيب مكثف زئبق لوحدة الخلية
4- توفير إجهز قياس للسيانيد والزئبق وجهاز انذار اتوماتي
5- معالجة سلالم الاحواض الحاملة لمحلول الذهب المؤدية للطلمبات والبلوفة
6- انشاء مظلة للمولدات وماكينات الوقود 
7- توفير طلمبة رش بالاضافة الي مبيد حشري نسبة لكثرة الحشرات في فصل الخريف
8- توفير طفاية حريق فوم سعة 50لتر لمضخة الوقود
9- انشاء وحدة صحية وتعييين طاقم طبي
10- تركيب حواجز حديدية لمنصة الكوالم",مسودة,361,سهل البطانة للتعدين,Sahl Albotana,مخلفات,,منتجة,1585,20/4/2025,20/5/2025,19/4/2026,0,23/حجر معدنيين,عقد
578,2025,8,1/8/2025,,تأكيد المراقب,1524,سوهانيت للتعدين المحدودة,SOHANIET MINING CO.LTD,تعدين صغير,,منتجة,976,3/9/2023,3/9/2023,3/9/2038,1ط/2023,1ط/2023,عقد
613,2025,8,1/8/2025,"The overall safety culture remains strong, with active participation from contractors and site personnel.",مسودة,46,بان سودان ريسورسز للتعدين المحدودة,Pan Sudan Resources Mining Company Limited,إمتياز منتجة,,منتجة,203,12/3/2022,12/3/2022,12/3/2042,RNS11,2024/4,
511,2025,8,1/8/2025,"1- تم بناء اطارر اسمنتي خارجي للارضية الخرسانية من الجهة الخارجية لوحدة الترسيب الكهربي للحماية ومنع تجمع ووصول مياه الامطار.
2- تم تكملة عملية الصيانة والتوسعة لحوض الطواري الخاص بتجميع مياه الامطار والسيول في الموقع.
3- تم عمل دورة توعوية عن المخاطر المصاحبة لفصل الخريف وخطر ظهور العقارب وكيفية التعامل الصحيح.
4- تم تعلية وتسوية الارضية الشمالية لصالة الطعام الخاصة بمعسكر السكن.",تأكيد المراقب,263,فضل المولى عرديب للتجارة و الاستثمار المحدودة,Fadl Al Mawla Ardeep for Trade & Investment Ltd,مخلفات,,منتجة,41,8/6/2021,8/6/2024,7/6/2027,0,130,عقد
577,2025,8,1/8/2025,,مسودة,356,شركة وادي الدموك للأنشطة المتعددة المحدودة,Wadi al damuk multi activities CO.LTD,مخلفات,,منتجة,134,8/4/2021,4/8/2024,3/8/2027,0,150,عقد
583,2025,8,1/8/2025,"1- تم ادراج السيانيد داخل التقرير  ( 4 طن ) والكميه الحقيقة ( 3.650 طن ) لقبول التقرير داخل البوابة .
2- تم حساب كربونات الصوديوم بالكيلو جرام .
* انشطة تم تنفيزها خلال فترة التقرير :-
1 -/ تم توفير علاجات ومستلزمات العيادة الطبية من ( ادويه - مطهرات - شاش ) .
2 / تم رش السكن بالكامل بالمبيدات الحشرات دوريا ثلاث مرات خلال الشهر . 
3 /  تم صيانة وتاهيل المطبخ والصالة من ارضيات وطلاء جدران وعازل حراري وانارة ومكيفات . 
4 / تم زيادة عدد كشافات الانارة داخل الموقع .",مسودة,258,نوش للتعدين,Nosh for Mining Ltd,مخلفات,,منتجة,36,29/8/2020,29/8/2023,28/8/2026,0,160,عقد
588,2025,8,1/8/2025,"-توقف جزئي لعمليات الانتاج وتقليل القوي العاملة داخل الموقع بالتالي ادي ذلك لتلراجع الانشطة خلال فترة هذه الفترة.
- يوجد نقص في عدد الموظفين نتيجة للتوقف المؤقت .
-تم الفحص والتفتيش الخاص بالبيئة .
- تتم متابعة ري الاشجار داخل الموقع بصورة دورية .
- تتم متابعة مزرعة الخضروات داخل الموقع .
-تم عمل حملة رش لمكافحة للباعوض داخل المعسكر .
- تم التخلص من النفايات الخاصة بالمطبخ بصورة امنة ويتم ذلك بصورة دورية .",مسودة,371,شركة كاسكو للطاقة المتجددة المحدودة,Casco renewable  energy co,مخلفات,,منتجة,1561,17/2/2025,10/2/2025,9/2/2026,,81/حجر معدنيين,عقد
608,2025,8,1/8/2025,"الملاحظات التصحيحية خلال الشهر -
(1) تم عمل اصحاح البيئة بالموقع وقطع الحشائش الضارة خلال الشهر
(2) تم تركيب وحدة الطاقة الشمسية بالشركة
(3) كما تم الاستعداد لتركيب وحدة تنقية مياه الشرب
(4) بدئنا بمعالجة فتحات كرفانات الشركة من الرياح والامطار",إعتماد مشرف الولاية,370,شركة التمر للانشطة المتعددة المحدودة,Altamr multiple activities. LTD,مخلفات,,منتجة,1535,18/12/2024,18/12/2024,17/12/2025,,103/حجر معدنيين,عقد
609,2025,8,1/8/2025,تقرير البيئة و السلامة و الصحة المهنية لشركة جمعية نورالهدى التجارية متعددة الأغراض لشهر أغسطس 2025 م,مسودة,303,جمعية نور الهدى التجارية المتعددة الاغراض,Nour Al Huda Multipurpose Commercial Association,مخلفات,,منتجة,216,27/3/2024,27/3/2024,26/3/2025,0,110/حجر معدنيين,عقد
579,2025,8,1/8/2025,,تأكيد المراقب,249,إكسير للتعدين,Elixir for mining,مخلفات,,منتجة,1635,10/12/2014,10/12/2024,9/12/2025,,221/ خام معالج مسبقا,عقد
599,2025,8,1/8/2025,"1.	يتم تنفيذ الاجراءات التصحيحية للإدارة وفق خطة واضحة بالشركة.
2.	تم توفير بطانية حريق بالموقع في إطار تفعيل خطة الطوارئ المتعلقة بالحرائق.
3.	تم عمل تدريب نظري وعملي لجميع العاملين بالموقع عن الحرائق وحالات الاستجابة السريعة لطوارئ الحرائق.
4.	امتلاء مكب النفايات بنسبة تجاوزت 95%. 
5.	نظام التأريض بالمعسكر يحتاج الي مراجعة.
6.	 جاري التنسيق في إعادة تعبئة وصيانة بعض طفايات الحريق بالموقع وتوفير طفايات إضافية تتماشي مع حجم النشاط خصوصا منطقة خزان الوقود.
7.	مراجعة وحدة تبريد عمل وحدة التكيف بغرفة الصهر وصيانة موتور التبريد في وحدة الخلية.",مسودة,357,مودرن لوجستيك للمشاريع المتطورة المحدودة(مشروع001),Project(001),مخلفات,,منتجة,135,8/4/2021,8/4/2021,8/3/2024,0,151,عقد
605,2025,8,1/8/2025,,إعتماد مشرف الولاية,52,فاروس لتعدين الذهب المحدودة,PHARAOHS GOLD MINING CO.LTD,إمتياز منتجة,,متعثرة,193,18/2/2016,18/2/2016,18/2/2026,5A,2016/1,إتفاقية
592,2025,8,1/8/2025,يظل الإهتمام بالبيئة وسلامة الإنسان وصحتة محل إهتمام الشركة حيث تؤكد الشركة عملياً مدى إلتزامها بتوفير بيئة عمل صالحة وفق المستوى الأعلى للإلتزام بمواصفات ومعاير السلامة و حماية العاملين، وذلك بتوفير كل المعدات والادوات الخاضة بالسلامة والصحة المهنية والمتابعة من إدارة البيئة والسلامة في جميع مراحل الانتاج,تأكيد المراقب,241,صحاري للتعدين المحدودة,Sahara for Mining Ltd,مخلفات,,منتجة,19,1/12/2014,17/7/2022,16/7/2025,0,212,عقد
514,2025,8,1/8/2025,"السلام عليكم ورحمه الله
مرسل لسيادتكم تقرير شهر اغسطس
   الرجاء التكرم بالاطلاع والتوجيه",تأكيد المراقب,295,رويال للأعمال المتقدمة,Royal for Advanced Business Ltd.,مخلفات,,منتجة,73,1/10/2014,16/10/2022,15/10/2024,0,214,عقد
519,2025,8,1/8/2025,"* كمية المياه المستخدمة في المعسكر و المعالجة تقديرية
* كتابة التواريخ للمواد المستخدمة غير دقيقة.",تأكيد المراقب,252,أم عوادة لخدمات الذهب التقليدي,Um Awada for Traditional Gold Service,مخلفات,,متعثرة,30,13/7/2014,13/1/2023,12/1/2026,0,222,عقد
500,2025,8,1/8/2025,,تأكيد المراقب,44,أمدرمان للتعدين المحدودة,UMDURMAN Mining  Co. Ltd,إمتياز منتجة,,منتجة,1430,21/7/2024,21/7/2024,20/7/2025,23,مربع 23/ حجر,
509,2025,8,1/8/2025,"التقرير الشهري للبيئة والسلامة - موقع صواردة شهر أغسطس2025

جاري العمل حاليا على إضافة سكنات إضافية وحمامات إضافية في المعسكر والمصنع بالإضافة لعمليات الترميم في صالة الطعام وغرفة تحكم الكهرباء",تأكيد المراقب,340,اعمال المجموعة الدولية للتعدين,the implementation of the international group,مخلفات,,منتجة,118,5/1/2014,14/5/2024,13/5/2027,0,237,عقد
612,2025,8,1/8/2025,"قسم الصحة والسلامة والبيئة تم انشاؤه حديثا بالشركة وهو في طور التأسيس والتطوير لمقابلة وتلبية متطلبات السلامة والبيئة.
يتم التجهيز لنقل طفايات الحريق لبورتسودان من اجل التعبئة والصيانة",مسودة,1459,هزيم للتعدين,HAZIM MINING,تعدين صغير,,عقد تعدين,1248,16/3/2025,16/3/2025,15/3/2026,11/2025,11/2025,رخصة بحث مطلق
531,2025,8,1/8/2025,بداية أول عملية انتاج كانت شهر اغسطس 2025 لذلك لم يتم استهلاك مواد عديدة كما ان الشركة في طور التاسيس حتى الان.,تأكيد المراقب,1618,-,-,تعدين صغير,,بحث مطلق,1579,28/1/2025,28/1/2025,27/1/2030,03/2025,03/2025,عقد
501,2025,8,1/8/2025,,تأكيد المراقب,41,دويشات للتعدين المحدودة,Duweishat Mining Co.ltd,إمتياز منتجة,,منتجة,1432,12/8/2024,12/8/2024,11/8/2025,A1,مربع A1/ حجر,
507,2025,8,1/8/2025,,تأكيد المراقب,320,وضاح صالح للتعدين,Waddah Saleh for Mining,مخلفات,,تحت التأسيس,1588,28/4/2025,17/4/2025,16/4/2026,0,64/حجر معدنيين,عقد
503,2025,8,1/8/2025,,تأكيد المراقب,309,عادل ميرغني الرفاعي للتعدين,Adel Mirghani El Rifai for Mining,مخلفات,,منتجة,219,20/4/2025,20/4/2025,19/4/2026,0,57/حجر معدنيين,عقد
594,2025,8,1/8/2025,الإنتهاء من لحام المشمع في أرضية مكب النفايات الصلبة,تأكيد المراقب,310,وي لينك للانشطة المتعددة,WeLink for Multiple Activities Ltd,مخلفات,,مقبلة,88,19/3/2025,19/3/2023,18/3/2025,0,21,عقد
591,2025,8,1/8/2025,جاري العمل علي صيانة حوض النفايات,تأكيد المراقب,239,لاندمارك للأنشطة المتعددة,Landmark for Multi-Activity Ltd,مخلفات,,متوقفة,1566,5/3/2025,28/1/2025,27/1/2026,0,24/حجر معدنيين,عقد
568,2025,8,1/8/2025,"يتم الان العمل علي تعلية الدام 
تم انشاء مخازن جديدة بمساحة 10*10متر 
تم زراعة عدد من الاشجار بالموقع 
تم توفير عدد مقدر من معدات السلامة 
تم تحسين الاجلاس بتوفير عدد من الكراسي 
تم تحسين الوجبات باضافة اصناف جديدة من الوجبات 
تم عزل عدد من الاسلاك الكهربائية التى كانت موصلة بصورة عشوائية 
تم تنفيذ موجهات الخريف ب الموقع",تأكيد المراقب,300,الفطيم للأعمال المتقدمة المحدودة,Al-Futtaim for Advanced Business Ltd,مخلفات,,متعثرة,1562,18/2/2025,28/1/2025,27/1/2026,,146/حجر معدنيين,عقد
464,2025,8,1/8/2025,,مسودة,242,الحامدين للتعدين,Al Hamdeen for Mining,مخلفات,,منتجة,1538,15/1/2025,14/1/2025,13/1/2026,0,31/خام معالج مسبقاً,عقد
584,2025,8,1/8/2025,"- اداة البيئة والسلامة لشركة الهصور للتعدين (موقع الخناق).
- تجري الاعمال خلال هذا الشهر في صيانة ال (CIL) للتجهز لعودة العمل به خلال الفترة القادمة , كما تمت عملية التشغيل المبدئي للمصنع.
- كما تجري الاعمال في احواض الفات بسعة قدرها 4 احواض (VAT).
- تمت نظافه حوض مياة الشرب و ترميم الباب القديم ,كما تم تنظيف تنك تخزين المياة  .
- التواصل مع شركة لاعادة تعبئة طفايات الحريق.
- نظافة وعودة حوض الفريش للخدمة .
- عمل خلاط للسيانيد وسيتم تركيبه قريبا .",تأكيد المراقب,294,الهصور للتعدين - (الخناق),Al Hussour for Mining - (Alkhank),مخلفات,,منتجة,1537,14/1/2025,14/1/2025,13/1/2026,0,33/خام معالج مسبقاً,عقد
576,2025,8,1/8/2025,,تأكيد المراقب,1854,سابفير للذهب و المجوهرات,sapphir for gold & jewels co.lt,مخلفات,,منتجة,1615,22/12/2024,12/12/2024,11/12/2027,,34,عقد
520,2025,8,1/8/2025,"جاري العمل على عزل الاتجاه الغربي للدام
تم عزل ارضية المولدات بتربة خرصانية",تأكيد المراقب,305,سبدو للأنشطة المتعددة المحدودة,Sebdo for Multiple Activities Ltd,مخلفات,,منتجة,218,10/12/2024,30/7/2024,29/7/2025,0,96/حجر معدنيين,عقد
545,2025,8,1/8/2025,صورة توضح الوضع غير الامن,تأكيد المراقب,347,بان قلف للأنشطة المتعددة المحدودة,Pangulf mining,مخلفات,,منتجة,125,10/12/2024,26/4/2024,25/4/2027,0,35,عقد
505,2025,8,1/8/2025,,تأكيد المراقب,60,قولدين بيرد للتعدين المحدودة,GOLDEN BIRD MINING CO.LTD,إمتياز منتجة,,مقبلة,202,30/4/2024,30/4/2024,30/4/2044,A30,2024/2,
530,2025,8,1/8/2025,,تأكيد المراقب,49,اليانس للتعدين المحدودة,Alliance for mining Co.Ltd,إمتياز منتجة,,منتجة,1431,23/4/2024,23/4/2024,22/4/2025,30,مربع 30 / حجر,
479,2025,8,1/8/2025,,مسودة,586,الراتق للتعدين,ALratig for mining,مخلفات,,منتجة,567,2/4/2024,2/4/2024,1/4/2027,0,50,عقد
575,2025,8,1/8/2025,,تأكيد المراقب,372,شركة أعناب للتعدين,Aanab for mining,مخلفات,,منتجة,150,22/8/2022,22/8/2022,21/8/2025,0,76,عقد
517,2025,8,1/8/2025,"المواد الكيميائية داخل التقرير مقدرة بوحدة قياس  لكيلو جرامات
حمض النايتريك بالجركانه
الإيثانول بالبرميل
النفايات الصلبه مقدرة بالطن",تأكيد المراقب,317,تونجل للتعدين المحدودة (1),Tongil for Mining Ltd (1),مخلفات,,تحت التأسيس,95,7/8/2022,7/8/2022,6/8/2025,0,78,عقد
521,2025,8,1/8/2025,,مسودة,255,القويسي للتعدين,Al-Qwesi for Mining,مخلفات,,منتجة,1524,9/12/2024,9/12/2024,8/12/2025,,36/خام معالج مسبقاً,عقد
542,2025,8,1/8/2025,,مسودة,304,أعمال ود الخير للتعدين,Wad al-Khair for Mining Business,مخلفات,,منتجة,217,7/6/2022,7/6/2022,6/6/2025,0,88/حجر معدنيين,عقد
439,2025,8,1/8/2025,"الاجراءات التصحيحية التي تمت :
1/ الانتهاء من انشاء مخزن للاسمنتت
2/ تسوير مخزن الكرته 
3/ تجهيز دام المخلفات وذلك بفرش مشمعات في امتداده
4/ الرش المستمر للافات ونواقل الامراض",إعتماد مشرف الولاية,304,أعمال ود الخير للتعدين,Wad al-Khair for Mining Business,مخلفات,,منتجة,82,7/6/2022,7/6/2022,6/6/2025,0,88,عقد
504,2025,8,1/8/2025,,إعتماد مشرف الولاية,1822,شركة بيرث للانتاج المعادن المحدودة,Perth Mineral Production CO.LTD,مخلفات,,تحت التأسيس,1526,22/8/2024,22/8/2024,21/8/2027,0,44,عقد
499,2025,7,1/8/2025,"cable tray for cables in new crusher has been completed-
electrical cables in the camp were buried -
air exhaust is installed in the wining cell-",تأكيد المراقب,46,بان سودان ريسورسز للتعدين المحدودة,Pan Sudan Resources Mining Company Limited,إمتياز منتجة,,منتجة,203,12/3/2022,12/3/2022,12/3/2042,RNS11,2024/4,
574,2025,8,1/8/2025,,مسودة,323,شركة ود البطانة للتعدين,Wad albutana for mining co .LT,مخلفات,,منتجة,1598,20/5/2025,6/5/2025,5/5/2026,,13/خام معالج مسبقاً,عقد
607,2025,8,1/8/2025,تقرير شهر أغسطس 2025,مسودة,330,شركة عبقرينو الهندسية,Abarino engineering for const,مخلفات,,منتجة,108,5/1/2023,2/1/2023,1/1/2026,0,63,عقد
452,2025,8,1/8/2025,,تأكيد المراقب,320,وضاح صالح للتعدين,Waddah Saleh for Mining,مخلفات,,تحت التأسيس,99,29/12/2022,29/12/2022,28/12/2025,0,64,عقد
546,2025,8,1/8/2025,,مسودة,433,HUSSIEN MADAWI BARAKA & SONS COMPANY LIMITED,HUSSIEN MADAWI BARAKA & SONS COMPANY LIMITED,إستكشاف,,مقبلة,415,24/6/2010,24/6/2010,3/5/2023,32,32,إتفاقية
548,2025,8,1/8/2025,,تأكيد المراقب,302,أعمال الناير للتعدين,Al Nayer for Mining,مخلفات,,منتجة,80,12/10/2021,12/10/2021,11/10/2024,0,112,عقد
587,2025,8,1/8/2025,,تأكيد المراقب,262,نامية للتعدين المحدودة,Namia for Mining Ltd,مخلفات,,منتجة,40,9/6/2021,9/6/2021,8/6/2024,0,129,عقد
604,2025,8,1/8/2025,,تأكيد المراقب,299,مدن الذهب السبع للتعدين,Modan Alzahab for Mining,مخلفات,,منتجة,215,3/6/2021,3/6/2021,2/6/2024,0,135/حجر معدنيين,عقد
543,2025,8,1/8/2025,,تأكيد المراقب,246,نجير للتنمية المحدودة,Nageer for Development Limited,مخلفات,,منتجة,209,26/5/2021,26/5/2021,25/5/2024,0,140/حجر معدنيين,عقد
515,2025,8,1/8/2025,,تأكيد المراقب,55,أوهاف للتعدين المحدودة,Ohaf for Mining Co.Ltd,إمتياز منتجة,,مقبلة,195,1/12/2020,1/12/2020,1/12/2041,3A,2020/6,
593,2025,8,1/8/2025,,تأكيد المراقب,341,شركة نوران تو,Noran tow mining company,مخلفات,,منتجة,1616,24/4/2025,24/4/2025,23/4/2026,,18,عقد
582,2025,8,1/8/2025,"تمت معالجة تسريب حوض الترسيب مصنع B
تمت صيانة اسقف الغرف السكنية
تم عمل بياض للغرف السكنية لحمايتها من امطار الخريف
تم عمل حواجز ترابية حول العديد من الاحواض

بعض المواد الكميائية تم استهلاكها بنسب بسيطة لا تصل 1 كيلو ولا يمكن حسب الفورمة لا تقبل البوينت مثل البوراكس 285 جرام والسليكا 47 جرام نترات البوتاسيوم 95 جرام",تأكيد المراقب,306,أبو حنيفة للنقل و التجارة المحدودة,Abu Hanifa for Transport and Trading Ltd.,مخلفات,,منتجة,84,29/9/2022,29/9/2022,28/9/2025,0,72,عقد
506,2025,8,1/8/2025,,مسودة,337,اعمال التعدين المتقدمة المحدودة,Advanced mining works company LTD,مخلفات,,منتجة,115,10/1/2016,21/5/2024,20/5/2027,0,201,عقد
544,2025,8,1/8/2025,"خلال هذا الشهر تم توزيع العلامات الارشادية 
و رش مبيد الحشرات 
و رش مبيد الحشائش",إعتماد مشرف الولاية,324,شركة رواء  لمخلفات التعدين التقليدى,Rawa mineral waster treatment,مخلفات,,منتجة,1621,8/7/2025,1/7/2025,30/6/2026,,2/خام معالج مسبقاً,عقد
580,2025,8,1/8/2025,"1- مراجعة فحص وتعبئة طفايات الحريق، مع العلم أن ليس هنالك طفاية صالحة للإستخدام
2- يجب توفير امصال العقارب والثعابين
3- طلمبة رش ومبيدات حشرية
4- توفير فلاتر مياه الشرب
5- توفير الناقص من معدات السلامة الشخصية",إعتماد مشرف الولاية,339,شركة كفاءة للانشطة المتعددة,Kafaah multi activities co. LT,مخلفات,,منتجة,117,7/1/2016,20/7/2022,19/7/2025,0,203,عقد
610,2025,8,1/8/2025,تقرير البيئة والسلامة موقع شاور لشهر أغسطس,مسودة,340,اعمال المجموعة الدولية للتعدين,the implementation of the international group,مخلفات,,منتجة,49,5/11/2020,5/11/2020,4/11/2023,0,159,عقد
518,2025,8,1/8/2025,"*بالنسبة لمواد التي لايتم استخدامها في الموقع (تم كتابة تاريخ الصلاحية بالتاريح اليوم.
*كيفة يمكن معرفة الزئبق الموجودة في الكرتة او النفاية.",تأكيد المراقب,253,أعمال ذكرى للتعدين,Zikra for Artisanal Mining Tailings,مخلفات,,منتجة,31,22/4/2016,22/4/2018,21/4/2020,0,199,عقد
516,2025,8,1/8/2025,"الإجراءات التصحيحية لهذا الشهر 
تم تعديل مكثف الذئبق في وحدة غرفة الصهر",تأكيد المراقب,293,ديتاسي للإستثمار المحدودة,Detasi for Investments Ltd,مخلفات,,منتجة,71,1/2/2016,31/1/2023,30/1/2024,0,200,عقد
601,2025,8,1/8/2025,"*ملاحظات:
1 / تم قياس المواد الكيميائية الصلبة بالكيلو جرام
2 / تم قياس المواد الكيميائية السائلة باللتر
3 / تم قياس الوقود باللتر والزيوت
4 / تم قياس المياه بالمتر المكعب

                     *انشطة تم تنفيذها خلال فترة التقرير:
1 / تم شفط دورات المياه .
2 / تم مكافحة الفئران بشكل شبة كل .
3 / تم صيانة و مراجعة وقائية لمكثف زئبق فرن الصهر تم جمع زئيق وزن (950) جرام .
4 / تم عمل إرز مركزي لتفريق الشحنات والصواعق .
5 / تم تغيير فلاتر مياه الشرب
6 / تم ري اشجار الموقع بشكل دوري",مسودة,251,الجكوب للتعدين,Jakob for Mining,مخلفات,,منتجة,29,12/3/2015,3/4/2024,2/4/2027,0,206,عقد
590,2025,8,1/8/2025,,تأكيد المراقب,292,دوسة للأنشطة المتعددة,Dusa Multi-Activity Ltd.,مخلفات,,منتجة,70,1/12/2014,1/1/2023,31/12/2025,0,210,عقد
508,2025,8,1/8/2025,"- تم لحام ومعالجة فلاتر المياه بعد تعطلها لفترة طويلة.
- تم ردم حفرة بالقرب من الطريق وازالة الخطر.
- تم تجديد الشرطة التحذيرية المحيطة باحواض البريغنانت.
- تم رفع طلمبات المياه الموجودة بالبحر لتجنب تلفها بسبب ارتفاع منسوب المياه.
- تم عمل طلبية طوارئ (المواد الغذائية) تحسبا لانقطاع الطريق.
- تمت مراجعة وصيانة الخراطيم الناقلة للسيانيد.
_ تم تعليق منشورات توصيات وتشريعات السلامة والبيئة في المكاتب والمطبخ والمصنع والورشة.",مسودة,291,الهصور للتعدين - (كدرمة),Al Hussour for Mining - (Kaderma),مخلفات,,منتجة,212,1/7/2014,17/7/2022,16/7/2025,0,227/حجر معدنيين,عقد
534,2025,8,1/8/2025,,تأكيد المراقب,243,موناس للتعدين المحدودة,Monas for Mining Ltd,مخلفات,,منتجة,21,20/2/2014,19/2/2023,18/2/2026,0,230,عقد
598,2025,8,1/8/2025,,تأكيد المراقب,328,زرياب للتنمية المحدودة (وديان للتعدين),Wadian mining,مخلفات,,منتجة,106,12/1/2014,17/7/2023,16/7/2026,0,231,عقد
602,2025,8,1/8/2025,,مسودة,331,شركة أبورقية للتنمية المحدودة,Abu rugia for development CO. LTD,مخلفات,,منتجة,109,7/1/2014,17/7/2023,16/7/2026,0,236,عقد
532,2025,8,1/8/2025,تقرير البيئة والسلامة الشهري -عن شهر اغسطس 2025م,تأكيد المراقب,51,أورشاب لتعدين الذهب المحدودة,Orshab Gold Mining Co.ltd,إمتياز منتجة,,منتجة,192,15/1/2013,15/1/2013,15/1/2043,5,2013/35,
611,2025,8,1/8/2025,,تأكيد المراقب,33,مانوب للتعدين المحدودة,Manub for mining,إمتياز منتجة,,منتجة,186,15/1/2013,15/1/2013,15/1/2043,15,(2013)/38-106,
597,2025,8,1/8/2025,"- تمت الزيارة الميدانية منقبل لشركة السودانية للموارد المعدنية وتشمل الانتاج والبيئة والسلامة والاطلاع على اوضاع الشركة وتم عمل اجماع بشان الزيارة 
- تم اجتماع مع مدير الموقع بشان اوضاع البيئة والسلامة فى الشركة 
- الاستفادة من الزيارة من قبل الشركة السوانية للموارد المعدنية قسم البئة والسلامة فى الملاحظات والتوجيهات",مسودة,50,النواتي للذهب والنحاس المحدودة,ALNAWATE FOR GOLD AND COPPER CO.LTD,إمتياز منتجة,,منتجة,191,11/11/2012,11/11/2012,11/11/2042,16,2013/2,
595,2025,8,1/8/2025,,تأكيد المراقب,48,أرياب للتعدين المحدودة,ARIAB MINING COMPANY,إمتياز منتجة,,منتجة,189,16/3/2004,16/3/2004,16/3/2025,"11,18",1997/1,
600,2025,8,1/8/2025,"*  بعض المواد الكيميائية ديباجة التعرف على تاريخ صلاحيتها ليس موضح  باليوم  والشهر والسنة فغالبيتها موضح بالعام  فقط لذلك تم رفعها بالتاريخ الموضح من قبلكم  مع تغيير العام فقط حتى يتماشى مع نظام البوابة ولتتسنى لنا عملية ارسال التقرير.
* لاتوجد وحدة علاجية بالموقع نسبة لقرب الموقع من سوق اربعات الطواحين وكذلك مدينة بورتسودان لذلك يتم علاج المرضى فقط بالمراكز الصحية بسوق اربعات .",إعتماد مشرف الولاية,322,شركة لانوس العالمية للمشاريع المتطورة المحدودة,Lanous factory for  waste mining,مخلفات,,منتجة,1527,11/12/2024,11/12/2024,10/12/2025,,177/حجر معدنيين,عقد
606,2025,8,1/8/2025,,تأكيد المراقب,307,ثروة الإستشارية المحدودة,Tharwa Consultancy Limited,مخلفات,,منتجة,85,21/6/2025,21/6/2022,20/6/2025,0,7,عقد
573,2025,8,1/8/2025,,مسودة,1466,اعمال بابكر عباس للتعدين,BABEKER ABAS FOR MINING,تعدين صغير,,منتجة,1231,3/7/2022,3/7/2022,2/7/2023,35/2022,35/2022,رخصة بحث مطلق
492,2025,7,1/7/2025,,تأكيد المراقب,265,يونميكس للانشطة المتعددة,Unmix for Multi-Activity Ltd,مخلفات,,منتجة,1582,15/4/2025,17/4/2025,16/4/2026,0,120/حجر معدنيين,عقد
432,2025,7,1/7/2025,"- يتم عمل تفتيش لكل المواد الغذائية ومراجعة صلاحيتها وطريقة تخزينها بصورة دورية.
- يتم عمل تفتيش دوري لمنطقة الاحواض والمصنع لمنع تدفق المواد الكيميائية .
- يتم فحص فلاتر كمامات الزئبق بصورة دورية وقبل عملية الحريق . 
ـ تمت زيادة احتماعات JSA و TBT .
- تم عمل محاضرة  لجميع العاملين بهدف زيادة ثقافة السلامة ورفع الوعي للمخاطر المصاحبة لانشطة الشركة.
- يتم حرق مخلفات السيانيد في اماكن مخصصة لها بعيد عن السكن و اماكن تواجد العمال. 
- يتم عمل جولات تفتيشية يومية لاقسام الشركة لرصد ومعالجة ال (un safe act &un condition",إعتماد مشرف الولاية,352,شركة اتش اند ام باور للهندسة والإنشاءات والتجارة المحدودة,H@M for engineering cons &trad,مخلفات,,منتجة,1564,9/3/2025,17/2/2025,16/2/2026,,153/حجر معدنيين,عقد
473,2025,7,1/7/2025,,تأكيد المراقب,1524,سوهانيت للتعدين المحدودة,SOHANIET MINING CO.LTD,تعدين صغير,,منتجة,976,3/9/2023,3/9/2023,3/9/2038,1ط/2023,1ط/2023,عقد
494,2025,7,1/7/2025,,تأكيد المراقب,254,مزن للتعدين المحدودة,Muzn for Mining Ltd,مخلفات,,منتجة,1584,15/4/2025,15/4/2025,14/4/2026,0,189/حجر معدنيين,عقد
596,2025,8,1/7/2025,"1. ISOLATE East north corner from telling dam
2. regularly house keeping kitchen 
3. appointment new HSE supervisor",تأكيد المراقب,54,دي ام للتعدين المحدودة,DM MININGCO.LTD,إمتياز منتجة,,منتجة,194,17/6/2021,17/6/2021,17/6/2041,RS-64D,2021/1,
420,2025,7,1/7/2025,"1- تم توسعة مساحة فرش مشمعات حوض النفاية الصلبة الخاصة بالمصنع.
2- تم ردم وتعلية البوابة الرئيسية لمنع دخول مياه الامطار للموقع.
3- تم ردم وتعلية الاتجاه الشرقي للمصنع لمنع وصول مياه الامطار للاحواض.
4- تم ردم وتعلية الاتجاه الجنوبي الشرقي للورشة مع ردم وتسوية الطريق المتجه للمصنع.
5- تم إكمال التدريب العملي للقوة العاملة علي خطة طواري السيول والامطار.",تأكيد المراقب,263,فضل المولى عرديب للتجارة و الاستثمار المحدودة,Fadl Al Mawla Ardeep for Trade & Investment Ltd,مخلفات,,منتجة,41,8/6/2021,8/6/2024,7/6/2027,0,130,عقد
453,2025,7,1/7/2025,"1- تم ادراج السيانسد داخل التقرير  ( 4 طن ) والكميه الحقيقيه ( 3.450 طن ) لقبول التقرير داخل البوابه .
2- تم حساب كربونات الصوديم بالكيلو جرام .
* انشطة تم تنفيزها خلال فترة التقرير :-
1- تم مراجعة التوصيلات الكهربائيه في منطقة السكن والمصنع .
2- تم توفير علاجات ومستلزمات العياده الطبيه  من ( ادويه - مطهرات - شاش - امصال عقارب ) .
3- تم توفير معدات الحمايه الشخصيه  ( كمامات ابخرة زئبق - ابوات - لبسات ) .
4- تم رش الموقع بالكامل بالمبيدات الخشريه دوريا ثلاث مرات خلال الشهر . 
5. جاري العمل و تنفيذ خطة الطوارئ لفصل الخريف وفقا لتوجيهات الصادره من الشركه السودانيه للموارد المعدنية المحدوده  .",مسودة,258,نوش للتعدين,Nosh for Mining Ltd,مخلفات,,منتجة,36,29/8/2020,29/8/2023,28/8/2026,0,160,عقد
450,2025,7,1/7/2025,"الملاحظات خلال الشهر:
(1) تم تركيب وحدة الطاقة الشمسية في الموقع
(2) تم توفير وحدة تنقية مياه الشرب
(3) تم مراجعة مجاري المياة والامطار
(4) تم شفط سابت تنك في المعسكر
(5) تم عمل اصحاح البيئة وحرق الحشائش",إعتماد مشرف الولاية,370,شركة التمر للانشطة المتعددة المحدودة,Altamr multiple activities. LTD,مخلفات,,منتجة,1535,18/12/2024,18/12/2024,17/12/2025,,103/حجر معدنيين,عقد
474,2025,7,1/7/2025,"1.	تم عمل تحليل كيميائي لمياه الشرب للتأكد من جودتها 
2.	يتم تنفيذ الاجراءات التصحيحية للإدارة وفق خطة واضحة بالشركة.
3.	امتلاء مكب النفايات بنسبة تجاوزت 95%. 
4.	نظام التأريض بالمعسكر يحتاج الي مراجعة.
5.	 جاري التنسيق في إعادة تعبئة وصيانة بعض طفايات الحريق بالموقع وتوفير طفايات إضافية تتماشي مع حجم النشاط خصوصا منطقة خزان الوقود.",مسودة,357,مودرن لوجستيك للمشاريع المتطورة المحدودة(مشروع001),Project(001),مخلفات,,منتجة,135,8/4/2021,8/4/2021,8/3/2024,0,151,عقد
495,2025,7,1/7/2025,,مسودة,52,فاروس لتعدين الذهب المحدودة,PHARAOHS GOLD MINING CO.LTD,إمتياز منتجة,,متعثرة,193,18/2/2016,18/2/2016,18/2/2026,5A,2016/1,إتفاقية
411,2025,7,1/7/2025,يظل الإهتمام بالبيئة وسلامة الإنسان وصحتة محل إهتمام الشركة حيث تؤكد الشركة عملياً مدى إلتزامها بتوفير بيئة عمل صالحة وفق المستوى الأعلى للإلتزام بمواصفات ومعاير السلامة و حماية العاملين، وذلك بتوفير كل المعدات والادوات الخاضة بالسلامة والصحة المهنية والمتابعة من إدارة البيئة والسلامة في جميع مراحل الانتاج,تأكيد المراقب,241,صحاري للتعدين المحدودة,Sahara for Mining Ltd,مخلفات,,منتجة,19,1/12/2014,17/7/2022,16/7/2025,0,212,عقد
437,2025,7,1/7/2025,"السلام عليكم ورحمه الله
مرسل لسيادتكم تقرير شهر يوليو 2025م
الرجاء التكرم بالاطلاع والتوجيه",إعتماد مشرف الولاية,295,رويال للأعمال المتقدمة,Royal for Advanced Business Ltd.,مخلفات,,منتجة,73,1/10/2014,16/10/2022,15/10/2024,0,214,عقد
465,2025,7,1/7/2025,,مسودة,249,إكسير للتعدين,Elixir for mining,مخلفات,,منتجة,27,17/7/2014,17/7/2022,16/7/2025,0,221,عقد
445,2025,7,1/7/2025,"*كيف يعرف الزئبق الموجودة في النفاية
*كمية المياه المستخدمة في سكن و في المعالجة تقديرية
*اي تاريخ يكتب بنسبة المواد الغير مستخدمة في الموقع",تأكيد المراقب,252,أم عوادة لخدمات الذهب التقليدي,Um Awada for Traditional Gold Service,مخلفات,,متعثرة,30,13/7/2014,13/1/2023,12/1/2026,0,222,عقد
413,2025,7,1/7/2025,,مسودة,44,أمدرمان للتعدين المحدودة,UMDURMAN Mining  Co. Ltd,إمتياز منتجة,,منتجة,1430,21/7/2024,21/7/2024,20/7/2025,23,مربع 23/ حجر,
414,2025,7,1/7/2025,"- تم زيادة التشجير بإستزراع نبات الخروع .
- تم عمل حواجز السلامة حول جميع الأحواض .
- يتم مراجعة الكهرباء بصفة دورية بواسطة فريق الكهرباء تحوطاً للخريف.
- يتم مراجعة أخبار الإرصادة الجوي بصورة ثابتة ثلاث مرات على مدار اليوم .
- يجري العمل على توصيل الشبكة فى المكاتب .
- تم عمل طبقة أخري من العازل الحراري للكرفانات تحوطاً من الحرارة العالية .
- تم ملء جرادل من الرمل بالقرب من محطة الوقودكإضافة للطافايات بالمنطقة .",إعتماد مشرف الولاية,340,اعمال المجموعة الدولية للتعدين,the implementation of the international group,مخلفات,,منتجة,118,5/1/2014,14/5/2024,13/5/2027,0,237,عقد
426,2025,7,1/7/2025,جاري العمل علي تحسين بيئه العمل.وسوف يتم تعيين كادر طبي للوحده الصحيه.,مسودة,359,إسفير للتعدين المحدودة,Esphir mining company LT,مخلفات,,منتجة,1578,12/11/2024,12/11/2024,12/11/2025,0,109/حجر معدنيين,عقد
407,2025,7,1/7/2025,اتمناء اللحاق طرفكم للاستفادة الاكبر انشالله,إعتماد مشرف الولاية,309,عادل ميرغني الرفاعي للتعدين,Adel Mirghani El Rifai for Mining,مخلفات,,منتجة,219,20/4/2025,20/4/2025,19/4/2026,0,57/حجر معدنيين,عقد
493,2025,7,1/7/2025,"تم تركيب مروحة شفط بوحدة الخلية 
تم تركيب مكيف بإستراحة العمال
تم تركيب خزان مياه لدورات المياة
تمت مراجعة مكثف الزئبق بوحدة الصهر
تم إرسال دراسة الأثر البيئي من قبل الشركة التي أعدت الدراسة",تأكيد المراقب,310,وي لينك للانشطة المتعددة,WeLink for Multiple Activities Ltd,مخلفات,,مقبلة,88,19/3/2025,19/3/2023,18/3/2025,0,21,عقد
441,2025,7,1/7/2025,تحسن ملحوظ في مقاييس ثقافة السلامة بقياس حضور التدريب والتفاعل وتطبيق مواد التدريب على ارض الواقع .. وتحسن ملحوظ في توفير معدات السلامة ومعدات الطوارئ.,إعتماد مشرف الولاية,330,شركة عبقرينو الهندسية,Abarino engineering for const,مخلفات,,منتجة,1565,11/3/2025,17/2/2025,16/2/2026,0,37/حجر معدنيين,عقد
447,2025,7,1/7/2025,"التوصيات:
1.	تركيب (باب، رفوف، شفاطات ونظافة والتخلص من الفوراغ) لمخزن المواد الكيميائية..
2.	زيادة الصبة الخرسانية لخلاط السيانيد وتثبيت السلم وزيادة منصة الحديد بالأعلى.
3.	معالجة سلالم احواض المحلول الحامل للذهب المؤدية للطلمبات والبلوفه.
4.	توصيل إنارة لمخزن السيانيد ومخزن المواد الكيميائية وتحسين الانارة في منطقة الاحواض بصورة عامة
5.	توفير علامات السلامة الارشادية والتحذيرية
6.	انشاء وحدة صحية وتعيين طاقم طبي .
7.	تركيب حواجز حديدة لمنصة الكوالم.
8.	انشاء حمام طؤاري بدلا عن الموجود وتركيب مغسلة عيون.
9.	معالجة مكثف الزئبق الحالي بغرفة الصهر وتركيب مكثف زئبق لوحدة النزع. 
10.	توفير إجهزة قياس للسيانيد والزئبق HSN & Hg Detector , وجهاز انذار اتوماتي
11.	انشاء مظلة للمولد ات وابعاد تنكر الوقود مسافة امنة.
12.	انشاء مغسلة اواني للمطبخ وتركيب سراميك وترابيز وابوب للخزن وشفاط.
13.	تحسين الوجبات الغذائية وتوفير البيض والالبان بصورة مستمرة.",مسودة,361,سهل البطانة للتعدين,Sahl Albotana,مخلفات,,منتجة,139,9/3/2025,22/11/2024,21/11/2027,0,23,عقد
446,2025,7,1/7/2025,"مسؤول البيئة والسلامة والصحة المهنية 
م/محمد محي الدين",إعتماد مشرف الولاية,300,الفطيم للأعمال المتقدمة المحدودة,Al-Futtaim for Advanced Business Ltd,مخلفات,,متعثرة,1562,18/2/2025,28/1/2025,27/1/2026,,146/حجر معدنيين,عقد
467,2025,7,1/7/2025,"- اداة البيئة والسلامة لشركة الهصور للتعدين (موقع الخناق).
- تجري الاعمال خلال هذا الشهر في صيانة ال (CIL) للتجهز لعودة العمل به خلال الفترة القادمة.
- كما تجري الاعمال في احواض الفات بسعة قدرها 4 احواض (VAT).
- جاري العمل على معالجة مياه الشرب و تنظيف أحواض تخزين المياه في الموقع .
- تم تعيين مهندس بيئة و سلامة اضافي للموقع.
- تم استلام بعض متطلبات السلامة للموقع .",إعتماد مشرف الولاية,294,الهصور للتعدين - (الخناق),Al Hussour for Mining - (Alkhank),مخلفات,,منتجة,1537,14/1/2025,14/1/2025,13/1/2026,0,33/خام معالج مسبقاً,عقد
470,2025,7,1/7/2025,,إعتماد مشرف الولاية,1854,سابفير للذهب و المجوهرات,sapphir for gold & jewels co.lt,مخلفات,,منتجة,1615,22/12/2024,12/12/2024,11/12/2027,,34,عقد
449,2025,7,1/7/2025,"اكمال عزل الدام 
عزل مخزن المواد كيميائية
عزل مخزن السيانيد
عمل مصاطب في ابواب المخازن 
عمل حوض احتواء لخلاط السيانيد
اضافة وحدة خارجية لمكثف غرفة الصهر
بناء مخزن للاسمنت 
عمل مكب معزول لفوارغ الاحماض 
جاري العمل في انشاء ورشة جديدة للاليات 
جاري العمل في انشاء السابت تنك",إعتماد مشرف الولاية,305,سبدو للأنشطة المتعددة المحدودة,Sebdo for Multiple Activities Ltd,مخلفات,,منتجة,218,10/12/2024,30/7/2024,29/7/2025,0,96/حجر معدنيين,عقد
384,2025,7,1/7/2025,لا توجد عربة مخصصة للطوارئ يتم الترتيب بحيث لا يخلو الموقع من عربة للحالات الطارئة,تأكيد المراقب,347,بان قلف للأنشطة المتعددة المحدودة,Pangulf mining,مخلفات,,منتجة,125,10/12/2024,26/4/2024,25/4/2027,0,35,عقد
409,2025,7,1/7/2025,,مسودة,60,قولدين بيرد للتعدين المحدودة,GOLDEN BIRD MINING CO.LTD,إمتياز منتجة,,مقبلة,202,30/4/2024,30/4/2024,30/4/2044,A30,2024/2,
456,2025,7,1/7/2025,,إعتماد مشرف الولاية,49,اليانس للتعدين المحدودة,Alliance for mining Co.Ltd,إمتياز منتجة,,منتجة,1431,23/4/2024,23/4/2024,22/4/2025,30,مربع 30 / حجر,
368,2025,7,1/7/2025,,إعتماد مشرف الولاية,586,الراتق للتعدين,ALratig for mining,مخلفات,,منتجة,567,2/4/2024,2/4/2024,1/4/2027,0,50,عقد
468,2025,7,1/7/2025,,إعتماد مشرف الولاية,372,شركة أعناب للتعدين,Aanab for mining,مخلفات,,منتجة,150,22/8/2022,22/8/2022,21/8/2025,0,76,عقد
363,2025,7,1/7/2025,,إعتماد مشرف الولاية,304,أعمال ود الخير للتعدين,Wad al-Khair for Mining Business,مخلفات,,منتجة,82,7/6/2022,7/6/2022,6/6/2025,0,88,عقد
412,2025,7,1/7/2025,"الاجراءات الوقائية خلال الشهر
- زيادة مساحة الحفيرة داخل الموقع لاستقبال جميع مياه الامطار داخل الموقع
- عمل مزيد من علامات السلامة",مسودة,1822,شركة بيرث للانتاج المعادن المحدودة,Perth Mineral Production CO.LTD,مخلفات,,تحت التأسيس,1526,22/8/2024,22/8/2024,21/8/2027,0,44,عقد
454,2025,7,1/7/2025,,مسودة,323,شركة ود البطانة للتعدين,Wad albutana for mining co .LT,مخلفات,,منتجة,1598,20/5/2025,6/5/2025,5/5/2026,,13/خام معالج مسبقاً,عقد
419,2025,7,1/7/2025,,مسودة,433,HUSSIEN MADAWI BARAKA & SONS COMPANY LIMITED,HUSSIEN MADAWI BARAKA & SONS COMPANY LIMITED,إستكشاف,,مقبلة,415,24/6/2010,24/6/2010,3/5/2023,32,32,إتفاقية
475,2025,7,1/7/2025,housekeeping engineering camp,إعتماد مشرف الولاية,54,دي ام للتعدين المحدودة,DM MININGCO.LTD,إمتياز منتجة,,منتجة,194,17/6/2021,17/6/2021,17/6/2041,RS-64D,2021/1,
457,2025,7,1/7/2025,,تأكيد المراقب,262,نامية للتعدين المحدودة,Namia for Mining Ltd,مخلفات,,منتجة,40,9/6/2021,9/6/2021,8/6/2024,0,129,عقد
472,2025,7,1/7/2025,"1	تم رصف أرضية المطبخ والصلاة بالسراميك
2	تم صيانة المطبخ صيانة كاملة
3	تم جمع الاسكراب في السكن والمصنع
4	الرش الدوري بماكنة الرش الضبابي 
5	تم جلب معدات سلامة شخصية كامله متكاملة وتوزيعها
6	تم جلب معدات لأعمال خطة البيئة والسلامة وجاري تركيبها
7	تم الانتهاء من  خطة الطوارئ بأكمل وجه
8- جاري تركيب خرطوم حريق بالمصنع.
9- تم جلب safety lock وتم إستخدامه في مخازن المواد الكيميائية.",تأكيد المراقب,264,كريبر للحلول المتكاملة المحدودة,Kreber Integrated Solutions Ltd,مخلفات,,منتجة,42,7/6/2021,7/6/2021,6/6/2024,0,132,عقد
442,2025,7,1/7/2025,,إعتماد مشرف الولاية,299,مدن الذهب السبع للتعدين,Modan Alzahab for Mining,مخلفات,,منتجة,77,3/6/2021,3/6/2021,2/6/2024,0,135,عقد
438,2025,7,1/7/2025,,تأكيد المراقب,246,نجير للتنمية المحدودة,Nageer for Development Limited,مخلفات,,منتجة,209,26/5/2021,26/5/2021,25/5/2024,0,140/حجر معدنيين,عقد
451,2025,7,1/7/2025,تم طلب معدات وقاية شخصية متكاملة ويتم التنفيذ خلال فترة وجيزة بالإضافة الي الإجراءات التصحيحية مع حلول فصل الخريف تم ارسال الموجهات العامة للاستعدادات لموسم الخريف لمهندس السلامة والبيئة بالشركة السودانية .,مسودة,356,شركة وادي الدموك للأنشطة المتعددة المحدودة,Wadi al damuk multi activities CO.LTD,مخلفات,,منتجة,134,8/4/2021,4/8/2024,3/8/2027,0,150,عقد
433,2025,7,1/7/2025,,مسودة,55,أوهاف للتعدين المحدودة,Ohaf for Mining Co.Ltd,إمتياز منتجة,,مقبلة,195,1/12/2020,1/12/2020,1/12/2041,3A,2020/6,
478,2025,7,1/7/2025,تنامي للتعدين المحدودة,تأكيد المراقب,342,شركة تنامي للتعدين,Tanami mining co LT,مخلفات,,منتجة,120,4/1/2019,24/4/2021,23/4/2024,0,170,عقد
440,2025,7,1/7/2025,"تم دفن العديد من الكوابل الكهربائية بالمصنع ومعسكر السكن وسيتم اجراء مزيد من التعديلات لزيادة الأمان وتقليل الخطر الكهربائي

تم رش الحفر والشقوق حول المعسكر مبيد طارد للعقارب والحشرات الزاحفة 

تم عمل حواجز ترابية صغيرة حول احواض البارين لتقليل الزحف الرملي وعمل حاجز امان لعربات تفريغ مياه المعالجة",إعتماد مشرف الولاية,306,أبو حنيفة للنقل و التجارة المحدودة,Abu Hanifa for Transport and Trading Ltd.,مخلفات,,منتجة,84,29/9/2022,29/9/2022,28/9/2025,0,72,عقد
455,2025,7,1/7/2025,,مسودة,255,القويسي للتعدين,Al-Qwesi for Mining,مخلفات,,منتجة,33,14/6/2016,14/6/2024,13/6/2027,0,197,عقد
410,2025,7,1/7/2025,,مسودة,337,اعمال التعدين المتقدمة المحدودة,Advanced mining works company LTD,مخلفات,,منتجة,115,10/1/2016,21/5/2024,20/5/2027,0,201,عقد
417,2025,7,1/7/2025,,إعتماد مشرف الولاية,324,شركة رواء  لمخلفات التعدين التقليدى,Rawa mineral waster treatment,مخلفات,,منتجة,1621,8/7/2025,1/7/2025,30/6/2026,,2/خام معالج مسبقاً,عقد
485,2025,7,1/7/2025,"1- مراجعة فحص وتعبئة طفايات الحريق حتى تصبح صالحة للإستخدام
2- توفير امصال العقارب والثعابين
2- توفير صناديق الإسعافات الأولية
4- توفير معدات السلامة الشخصية (لبسات، أحذية، نظارات غبار، قلفزات)",مسودة,339,شركة كفاءة للانشطة المتعددة,Kafaah multi activities co. LT,مخلفات,,منتجة,117,7/1/2016,20/7/2022,19/7/2025,0,203,عقد
416,2025,7,1/7/2025,لاهميةالبيئةنحن في تحسين مستمر,تأكيد المراقب,237,ساندستون للتنمية والاستثمار المحدودة,Sandstone for Development and Investment Ltd.,مخلفات,,منتجة,15,1/1/2016,11/1/2020,10/1/2023,0,204,عقد
486,2025,7,1/7/2025,"التقرير الشهري للبيئة والسلامة والصحة المهنية 
موقع شاور",مسودة,340,اعمال المجموعة الدولية للتعدين,the implementation of the international group,مخلفات,,منتجة,49,5/11/2020,5/11/2020,4/11/2023,0,159,عقد
444,2025,7,1/7/2025,"*كيف نعرف الزئبق الموجودة في النفاية
*كمية المياه المستخدمة في المعالجة و السكن تقديرية",تأكيد المراقب,253,أعمال ذكرى للتعدين,Zikra for Artisanal Mining Tailings,مخلفات,,منتجة,31,22/4/2016,22/4/2018,21/4/2020,0,199,عقد
422,2025,7,1/7/2025,"الإجراءات التصحيحية لهذا الشهر حسب متطلبات أخر زيارة تم الأتي 
صيانة مكيفات السكن والمعمل 
تم تركيب مروحة شفط بالعمل",إعتماد مشرف الولاية,293,ديتاسي للإستثمار المحدودة,Detasi for Investments Ltd,مخلفات,,منتجة,71,1/2/2016,31/1/2023,30/1/2024,0,200,عقد
436,2025,7,1/7/2025,"*ملاحظات:
1 / تم قياس المواد الكيميائية الصلبة بالكيلو جرام
2 / تم قياس المواد الكيميائية السائلة باللتر
3 / تم قياس الوقود باللتر والزيوت
4 / تم قياس المياه بالمتر المكعب

                     *انشطة تم تنفيذها خلال فترة التقرير:
1 / تم شفط دورات المياه بشكل كل
2 / تم مكافحة الفئران بشكل شبة كل
3 / تم عزل عزل ما تبقي من مكب النفايات (الدام)
4 / تم عمل محاضرة بعنوان التصرف الأمن في حالة السيول والفيضانات
5 / تم تغيير فلاتر مياه الشرب
6 / تم ري اشجار الموقع بشكل دوري",تأكيد المراقب,251,الجكوب للتعدين,Jakob for Mining,مخلفات,,منتجة,29,12/3/2015,3/4/2024,2/4/2027,0,206,عقد
443,2025,7,1/7/2025,,إعتماد مشرف الولاية,292,دوسة للأنشطة المتعددة,Dusa Multi-Activity Ltd.,مخلفات,,منتجة,70,1/12/2014,1/1/2023,31/12/2025,0,210,عقد
421,2025,7,1/7/2025,"شركة الهصور للتعدين موقع كدرمة 
- تم وضع خطة طوارئ للسيول والفياضانات 
- تم وضع خطة طوارئ واخلاء للتهديدات الامنية",إعتماد مشرف الولاية,291,الهصور للتعدين - (كدرمة),Al Hussour for Mining - (Kaderma),مخلفات,,منتجة,212,1/7/2014,17/7/2022,16/7/2025,0,227/حجر معدنيين,عقد
466,2025,7,1/7/2025,,تأكيد المراقب,243,موناس للتعدين المحدودة,Monas for Mining Ltd,مخلفات,,منتجة,21,20/2/2014,19/2/2023,18/2/2026,0,230,عقد
480,2025,7,1/7/2025,,مسودة,328,زرياب للتنمية المحدودة (وديان للتعدين),Wadian mining,مخلفات,,منتجة,106,12/1/2014,17/7/2023,16/7/2026,0,231,عقد
448,2025,7,1/7/2025,,مسودة,331,شركة أبورقية للتنمية المحدودة,Abu rugia for development CO. LTD,مخلفات,,منتجة,109,7/1/2014,17/7/2023,16/7/2026,0,236,عقد
482,2025,7,1/7/2025,يظل الإهتمام بالبيئة وسلامة الإنسان وصحته محل إهتمام الشركة حيث تؤكد الشركة عملياً مدى إلتزامها بتوفير بيئة عمل صالحة ومميزة وفق المستوى الأعلى للإلتزام بمواصفات ومعايير السلامة وحماية العاملين.,مسودة,45,حجاجية لتعدين الذهب المحدودة,HAGAGIA GOLD MINING COMPANY. LTD,إمتياز منتجة,,منتجة,188,21/5/2013,21/5/2013,21/5/2043,21,2013/32,
469,2025,7,1/7/2025,التقرير الشهري للبيئة والسلامة عن شهر يوليو,مسودة,51,أورشاب لتعدين الذهب المحدودة,Orshab Gold Mining Co.ltd,إمتياز منتجة,,منتجة,192,15/1/2013,15/1/2013,15/1/2043,5,2013/35,
498,2025,7,1/7/2025,,مسودة,33,مانوب للتعدين المحدودة,Manub for mining,إمتياز منتجة,,منتجة,186,15/1/2013,15/1/2013,15/1/2043,15,(2013)/38-106,
484,2025,7,1/7/2025,,مسودة,50,النواتي للذهب والنحاس المحدودة,ALNAWATE FOR GOLD AND COPPER CO.LTD,إمتياز منتجة,,منتجة,191,11/11/2012,11/11/2012,11/11/2042,16,2013/2,
430,2025,7,1/7/2025,operation start in factory plant & preparations in open pits,إعتماد مشرف الولاية,42,دلقو للتعدين المحدودة,Delgo mining Co. Ltd.,إمتياز منتجة,,منتجة,185,21/1/2012,21/1/2012,21/1/2042,17,(2012)/1-11,
463,2025,7,1/7/2025,,إعتماد مشرف الولاية,48,أرياب للتعدين المحدودة,ARIAB MINING COMPANY,إمتياز منتجة,,منتجة,189,16/3/2004,16/3/2004,16/3/2025,"11,18",1997/1,
471,2025,7,1/7/2025,"* توقف جزئي في العمليات الانتاجية وتقليل اضافي للعاملين خلال هذا الشهر، ادي ذالك لتراجع بعض انشطة السلامة.
* يتم تشغيل ألواح الطاقة الشمسية معظم الاوقات لاستهلاك الطاقة والتقليل من التلوث البيئي.
* يوجد نقصان في عدد العاملين نسبة لتوقف مؤقت في العمل.
* تم مراجعة الطفايات ومتابعة الضغط ومفاتيح الامان بشكل دوري.
*يتم جمع براميل النفايات وحرق الاوساخ بشكل دوري.
*يتم رعاية الاشجار من قبل قسم السلامة.
* تم انتاج عدد من الخضروات من المزرعه بالموقع.
* يجري العمل علي انماء وتعزيز ثقافة السلامة بين العاملين في الموقع.",إعتماد مشرف الولاية,371,شركة كاسكو للطاقة المتجددة المحدودة,Casco renewable  energy co,مخلفات,,منتجة,1561,17/2/2025,10/2/2025,9/2/2026,,81/حجر معدنيين,عقد
502,2025,7,1/7/2025,"1\تم توفير صناديق الاسعافات الاوليه
2\ تم زياد عدد الطفايات في الموق
3\زيادة انشطة البئه والسلامه (فحص-وتفتيش-وتدريب)",تأكيد المراقب,341,شركة نوران تو,Noran tow mining company,مخلفات,,منتجة,1617,24/4/2025,24/4/2025,23/4/2026,,18/حجر معدنيين,عقد
481,2025,7,1/7/2025,"من الإجراءات التصحيحية التي تمت خلال فترة التقرير :
- عمل خطة طوارئ للتفادي من كوارث السيول والأمطار.
- تقييم المخاطر التي تتعلق بكوارث السيول والأمطار والعمل على تنفيذها.
- عقد دورة تدريبية للعمال تتحدث عن الأمراض التي تتعلق بإرتفاع درجات الحرارة العالية وكيفية الوقاية منها.
بعض المواد الكيميائية لا تحتوي على ديباجة للتعرف على تاريخ صلاحيتها لذلك تم رفعها بالتاريخ الموضح من قبلكم كمثال، وبعضها تاريخ صلاحيتها موضح بالعام فقط دون زكر الشهر واليوم لذلك ايضا تم رفعها بالتاريخ الموضح من قبلكم كمثال مع استبدال العام كما هو موضح في المادة .
الموقع لا توجد وحدة علاجية، يتم علاج المرضى فقط بالمراكز الصحية الموجودة بسوق أربعات الطواحين نسبة لقربها الشديد من موقع الشركة.",إعتماد مشرف الولاية,322,شركة لانوس العالمية للمشاريع المتطورة المحدودة,Lanous factory for  waste mining,مخلفات,,منتجة,1527,11/12/2024,11/12/2024,10/12/2025,,177/حجر معدنيين,عقد
418,2025,7,1/7/2025,,إعتماد مشرف الولاية,307,ثروة الإستشارية المحدودة,Tharwa Consultancy Limited,مخلفات,,منتجة,85,21/6/2025,21/6/2022,20/6/2025,0,7,عقد
483,2025,7,1/7/2025,,مسودة,239,لاندمارك للأنشطة المتعددة,Landmark for Multi-Activity Ltd,مخلفات,,متوقفة,17,5/3/2025,18/9/2023,17/9/2026,0,24,عقد
496,2025,7,1/7/2025,مرفق خطة مجابهة طوارئ الخريف.,تأكيد المراقب,303,جمعية نور الهدى التجارية المتعددة الاغراض,Nour Al Huda Multipurpose Commercial Association,مخلفات,,منتجة,216,27/3/2024,27/3/2024,26/3/2025,0,110/حجر معدنيين,عقد
329,2025,7,1/7/2025,"الإجراءات التصحيحية خلال الشهر :
1- تم شفط سابت تنك داخل المعسكر
2- تم توفير منظومة الطاقة الشمسية للموقع
3-  تم توفير وحدة تنقية وفلترة مياه الشرب داخل الموقع.
4- إلقاء محاضرة عن الاسعافات الأولية للعمال 5- وتم الإجراءات التصحيحية الاستعداد للخريف",تأكيد المراقب,370,شركة التمر للانشطة المتعددة المحدودة,Altamr multiple activities. LTD,مخلفات,,منتجة,,,,,,,
391,2025,6,1/6/2025,,مسودة,265,يونميكس للانشطة المتعددة,Unmix for Multi-Activity Ltd,مخلفات,,منتجة,1582,15/4/2025,17/4/2025,16/4/2026,0,120/حجر معدنيين,عقد
408,2025,6,1/6/2025,,إعتماد مشرف الولاية,41,دويشات للتعدين المحدودة,Duweishat Mining Co.ltd,إمتياز منتجة,,منتجة,1432,12/8/2024,12/8/2024,11/8/2025,A1,مربع A1/ حجر,
403,2025,6,1/6/2025,,مسودة,254,مزن للتعدين المحدودة,Muzn for Mining Ltd,مخلفات,,منتجة,1584,15/4/2025,15/4/2025,14/4/2026,0,189/حجر معدنيين,عقد
405,2025,6,1/6/2025,"Pregnant pond pumps being secured with bund wall to prevent leakage. 
Lab waste pond was covered    
 Electrical sockets was installed in rooms according to the heavy rains and flood plan 
Enhance the lighting in eastern mine by adding more lights 
start to execute the cyanide waste dumb for empty barrels 
paving roads to facilitate the movement in the factory during rains .
relocating the explosive caravans to protect explosives materials",مسودة,46,بان سودان ريسورسز للتعدين المحدودة,Pan Sudan Resources Mining Company Limited,إمتياز منتجة,,منتجة,203,12/3/2022,12/3/2022,12/3/2042,RNS11,2024/4,
362,2025,6,1/6/2025,,إعتماد مشرف الولاية,302,أعمال الناير للتعدين,Al Nayer for Mining,مخلفات,,منتجة,80,12/10/2021,12/10/2021,11/10/2024,0,112,عقد
370,2025,6,1/6/2025,"1- تم مراجعة الكهرباء في المصنع والسكن  
2- تم رش وتعقيم السكن 
3- تم عمل خطة طوارئ للخريف وتم تنفيذ نسبة 70% من الخطه تم ارفاق صوره توضح ذالك
4- السيانيد تم قياس الكميه بالطن
5- النيتريك والهيدروركلوريك بالجركانه
6- الايثانةل بالبرميل",مسودة,258,نوش للتعدين,Nosh for Mining Ltd,مخلفات,,منتجة,36,29/8/2020,29/8/2023,28/8/2026,0,160,عقد
320,2025,6,1/6/2025,"1- تم عمل تدريب ابتدائي للقوة العاملة علي خطة طواري السيول والأمطار.
2- تم تعلية حوائط حوض براميل السيانيد الفارغة لمنع وصول السيول ومياه الأمطار إليها.
3- تم ردم وتعلية الأرضية في الاتجاه الشمالي الشرقي للمعمل الكيميائي
 مع تبديل الخزان الأرضي والخاص بالماء النظيف للاستخدام في المصنع.
4- تم البدء في تجهيز الحفير الرئيس لتجميع مياه السيول والأمطار.
5- تم دفن حفريات الكيبولات الكهربية في اتجاه المولدات والمكاتب.
6- تم تنظيف فلتر مياه الشرب.
7- توجد طفاية  (بدرة 25 كيلو) غير فعالة تم سحبها من الخدمة.",مسودة,263,فضل المولى عرديب للتجارة و الاستثمار المحدودة,Fadl Al Mawla Ardeep for Trade & Investment Ltd,مخلفات,,منتجة,,,,,,,
393,2025,6,1/6/2025,"الملاحظات الايجابية:
* تم تنفيذ الإجراءات التصحيصية المتعلقة بحادثة تدفق السيانيد.
* تم توفير الاضاءة المناسبة في المنطقة خلف السكن والحمامات والتي كانت تشكل خطورة للعاملين في الفترة المسائية.
* هنالك إهتمام من قبل إدارة المشروع بقياس نسبة السيانيد في المخلفات قبل ترحيلها الي مكب النفايات مما يشكل بادرة إيجابية.
الملاحظات السلبية:
* إمتلاء مكب النفايات بنسبة تجاوزت 95%.
* بعض طفايات الحريق تحتاج الي إعادة تعبئة وصيانة بما يتماشي مع حجم نشاط المشروع خصوصا في منطقة خزانات الوقود.",مسودة,357,مودرن لوجستيك للمشاريع المتطورة المحدودة(مشروع001),Project(001),مخلفات,,منتجة,135,8/4/2021,8/4/2021,8/3/2024,0,151,عقد
382,2025,6,1/6/2025,"١/تم تركيب فلتر لتنقيه مياه الشرب
٢/تم تثبيت الحواجز والسلالم في الكساره 
٣/تم عمل كيسات لتغطيه الاجزاء المتحركه في الكساره 
٤/تمت اعاده تعبئيه لنصف اعداد الطفايات الحريق وتوزيعها في المصنع والمعمل والموقع
٥/تم عمل ورشه صغيره عن الحرائق للموظفين والمتعاقدين 
٦/ تم عمل فزاعات في احواض الVat لمنع نفوق الطيور والكائنات الحيه 
٧/ جاري العمل علي اصلاح المولد الصغير و حل مشكله انقطاع الكهرباء في الموقع 
٨/ تم تركيب كاميرات مراقبه في مخزن السيانيد و اجزاء اخري في المصنع .",إعتماد مشرف الولاية,52,فاروس لتعدين الذهب المحدودة,PHARAOHS GOLD MINING CO.LTD,إمتياز منتجة,,متعثرة,193,18/2/2016,18/2/2016,18/2/2026,5A,2016/1,إتفاقية
366,2025,6,1/6/2025,,مسودة,295,رويال للأعمال المتقدمة,Royal for Advanced Business Ltd.,مخلفات,,منتجة,73,1/10/2014,16/10/2022,15/10/2024,0,214,عقد
367,2025,6,1/6/2025,*كتابة التواريخ في المواد الغير مسخدمة في الموقع,تأكيد المراقب,252,أم عوادة لخدمات الذهب التقليدي,Um Awada for Traditional Gold Service,مخلفات,,متعثرة,30,13/7/2014,13/1/2023,12/1/2026,0,222,عقد
371,2025,6,1/6/2025,"أعمال المجموعة الدولية - صواردة 
الإجراءات التصحيحية خلال فترة التقرير :
- تم عمل الكشف الطبي الأولى للعاملين .
- تم عمل الكشف الطبي و فحص الفايروسات لجميع العاملين بالمطبخ.
- تم زراعة (60) شجرة ظلية داخل الموقع .
- تم تزيين الشوارع بالأحجار و تلوينها .
- تم إعادة طلاء المطبخ و تجديد الأرضية .
- تم توزيع العواكس فى الشوارع التى تشكل خطراً.
- تم عمل حواجز بواسطة جنزير السلامة للتنبيه على الاماكن الخطرة .
- تم تمييز السلالم و الدرابزينات باللونين (الاصفر و الاسود ).
- يتم جلب الحليب الطازج يومياً .",إعتماد مشرف الولاية,340,اعمال المجموعة الدولية للتعدين,the implementation of the international group,مخلفات,,منتجة,118,5/1/2014,14/5/2024,13/5/2027,0,237,عقد
373,2025,6,1/6/2025,,إعتماد مشرف الولاية,320,وضاح صالح للتعدين,Waddah Saleh for Mining,مخلفات,,تحت التأسيس,1588,28/4/2025,17/4/2025,16/4/2026,0,64/حجر معدنيين,عقد
395,2025,6,1/6/2025,"تم تجهيز الوحدة الصحية 
سوف يتم الشروع في مشمعات الدام فورا
تم شراء خزان المياه لدورات المياه بإنتظار وصولة للمصنع
تم عمل طليية لزيادة علامات السلامة بإنتظار وصولها من مدينة عطبرة",إعتماد مشرف الولاية,310,وي لينك للانشطة المتعددة,WeLink for Multiple Activities Ltd,مخلفات,,مقبلة,88,19/3/2025,19/3/2023,18/3/2025,0,21,عقد
386,2025,6,1/6/2025,"1	معالجة تهدم احواض المحاليل واحواض الكرتة و تحتاج السلالم المؤدية لاحواض المحاليل لصيانة بصورة مستعجلة
2	 تم تركيب محطة تنقية المياه التي تم احضارها للموقع	تم التنفيذ  
3	تم توفير عدد ثلاثة صناديق اسعافات أولية سعة 100 فرد
4	الاسراع في تكملة العمل في الصرف الصحي بصورة صحية وسليمة	
5	تمت زيادة الغرف السكنية للمهندسين وبناء المكاتب، يجب الاسراع في احضار مستلزمات المكاتب
6	تم دفن التوصيلات الكهربائية ووضع شرائط تحذيرية وتركيب طبلونات توزيع وعمل قواعد اسمنتية لها.
7	تمت معالجة مشمع مكب النفايات وزيادة المكب وخفض مستوي الخام وزيادة المساحة وعزلة عن التربة	
8       يحتاج المطبخ لتركيب سراميك ورفوف وخزن مغلقة لدواليب المطبخ وبناء مخزن المواد الغذائية وتوسعة المطبخ	
9	يجب بناء وحدة صحية وتعيين طاقم طبي.
10	تم توريد مولد كهرباء جديد  للحد من انقطاع الكهرباء
11	الاسراع في تصميم  وتوفير علامات ولوحات السلامة الارشادية.",مسودة,361,سهل البطانة للتعدين,Sahl Albotana,مخلفات,,منتجة,139,9/3/2025,22/11/2024,21/11/2027,0,23,عقد
399,2025,6,1/6/2025,,إعتماد مشرف الولاية,300,الفطيم للأعمال المتقدمة المحدودة,Al-Futtaim for Advanced Business Ltd,مخلفات,,متعثرة,1562,18/2/2025,28/1/2025,27/1/2026,,146/حجر معدنيين,عقد
372,2025,6,1/6/2025,"- ادارة البيئة والسلامة لشركة الهصور للتعدين (موقع الخناق).
- تجري الاعمال في صيانة ال (CIL) للتجهز لعودة العمل به خلال الفترة القادمة.
- كما تجري الاعمال في احواض الفات بسعة قدرها 4 احواض (VAT).
- تم التخلص من معظم الكثبان الرملية
- تم اجراء تحقيق لحادث سقوط برميل التحضير جوار حوض البارين الجنوبي
- تم عمل اجتماع سلامة لمناقشة الاوضاع الامنية بعد دخول قوات الدعم السريع لمنطقة المثلث وتم تحديث خطة الطوارئ والاخلاء بناء على هذه المعطيات",إعتماد مشرف الولاية,294,الهصور للتعدين - (الخناق),Al Hussour for Mining - (Alkhank),مخلفات,,منتجة,1537,14/1/2025,14/1/2025,13/1/2026,0,33/خام معالج مسبقاً,عقد
404,2025,6,1/6/2025,* تاخير  تسليم التقرير بسبب التأخر في اعتماد الإيميل,إعتماد مشرف الولاية,1854,سابفير للذهب و المجوهرات,sapphir for gold & jewels co.lt,مخلفات,,منتجة,1615,22/12/2024,12/12/2024,11/12/2027,,34,عقد
385,2025,6,1/6/2025,"تمت تغطية الاحواض
تم تعيين مشرف بيئة وسلامة
تمت مراجعات توصيلات الكهرباء
تم عمل درج لسلام الغلاية
عمل مكتب اداري للمعمل
جاري العمل في السابت تانك
جاري العمل في مخزن الاسمنت",إعتماد مشرف الولاية,305,سبدو للأنشطة المتعددة المحدودة,Sebdo for Multiple Activities Ltd,مخلفات,,منتجة,218,10/12/2024,30/7/2024,29/7/2025,0,96/حجر معدنيين,عقد
462,2025,6,1/6/2025,"صورة توضح الوضع غير الأمن
هذا تقرير شهر 7 نظرا لارسال تقرير شهر 6 باسم شهر يوليو",مسودة,347,بان قلف للأنشطة المتعددة المحدودة,Pangulf mining,مخلفات,,منتجة,125,10/12/2024,26/4/2024,25/4/2027,0,35,عقد
388,2025,6,1/6/2025,,إعتماد مشرف الولاية,49,اليانس للتعدين المحدودة,Alliance for mining Co.Ltd,إمتياز منتجة,,منتجة,1431,23/4/2024,23/4/2024,22/4/2025,30,مربع 30 / حجر,
513,2025,6,1/6/2025,,مسودة,586,الراتق للتعدين,ALratig for mining,مخلفات,,منتجة,567,2/4/2024,2/4/2024,1/4/2027,0,50,عقد
334,2025,6,1/6/2025,,تأكيد المراقب,372,شركة أعناب للتعدين,Aanab for mining,مخلفات,,منتجة,150,22/8/2022,22/8/2022,21/8/2025,0,76,عقد
377,2025,6,1/6/2025,"الاجراءات الوقاية خلال الشهر
- عمل سور حول حوض السيانيد
- عمل مشمع لمكب النفايات الصلبة (Tilling Dam)
- تغيير مشمع حوض السيانيد",مسودة,1822,شركة بيرث للانتاج المعادن المحدودة,Perth Mineral Production CO.LTD,مخلفات,,تحت التأسيس,1526,22/8/2024,22/8/2024,21/8/2027,0,44,عقد
383,2025,6,1/6/2025,,مسودة,323,شركة ود البطانة للتعدين,Wad albutana for mining co .LT,مخلفات,,منتجة,1598,20/5/2025,6/5/2025,5/5/2026,,13/خام معالج مسبقاً,عقد
374,2025,6,1/6/2025,.....,إعتماد مشرف الولاية,330,شركة عبقرينو الهندسية,Abarino engineering for const,مخلفات,,منتجة,108,5/1/2023,2/1/2023,1/1/2026,0,63,عقد
392,2025,6,1/6/2025,جاري العمل علي انجاز المتبقي من الاجراءات التصحيحيه,مسودة,359,إسفير للتعدين المحدودة,Esphir mining company LT,مخلفات,,منتجة,137,16/11/2021,16/11/2021,15/11/2024,0,109,عقد
406,2025,6,1/6/2025,,إعتماد مشرف الولاية,54,دي ام للتعدين المحدودة,DM MININGCO.LTD,إمتياز منتجة,,منتجة,194,17/6/2021,17/6/2021,17/6/2041,RS-64D,2021/1,
380,2025,6,1/6/2025,,تأكيد المراقب,262,نامية للتعدين المحدودة,Namia for Mining Ltd,مخلفات,,منتجة,40,9/6/2021,9/6/2021,8/6/2024,0,129,عقد
376,2025,6,1/6/2025,"* كيفية معرفة الزئبق في النفاية 
*تم تنفيذ خطط الطواري الخريف 95% .",تأكيد المراقب,264,كريبر للحلول المتكاملة المحدودة,Kreber Integrated Solutions Ltd,مخلفات,,منتجة,42,7/6/2021,7/6/2021,6/6/2024,0,132,عقد
389,2025,6,1/6/2025,جاري العمل علي توسعة السكن بادخال وحدات سكنيه اضافية,مسودة,55,أوهاف للتعدين المحدودة,Ohaf for Mining Co.Ltd,إمتياز منتجة,,مقبلة,195,1/12/2020,1/12/2020,1/12/2041,3A,2020/6,
390,2025,6,1/6/2025,تنامي للتعدين المحدودة بالنيل الازرق,إعتماد مشرف الولاية,342,شركة تنامي للتعدين,Tanami mining co LT,مخلفات,,منتجة,120,4/1/2019,24/4/2021,23/4/2024,0,170,عقد
379,2025,6,1/6/2025,عمل صبة أرضية لغرفة الصهر,إعتماد مشرف الولاية,306,أبو حنيفة للنقل و التجارة المحدودة,Abu Hanifa for Transport and Trading Ltd.,مخلفات,,منتجة,84,29/9/2022,29/9/2022,28/9/2025,0,72,عقد
387,2025,6,1/6/2025,,تأكيد المراقب,255,القويسي للتعدين,Al-Qwesi for Mining,مخلفات,,منتجة,33,14/6/2016,14/6/2024,13/6/2027,0,197,عقد
394,2025,6,1/6/2025,,تأكيد المراقب,237,ساندستون للتنمية والاستثمار المحدودة,Sandstone for Development and Investment Ltd.,مخلفات,,منتجة,15,1/1/2016,11/1/2020,10/1/2023,0,204,عقد
369,2025,6,1/6/2025,"* كيف يعرف الزئبق في نفاية
* كيف يتم التخلص من جركانات حمض النتريك
*يوجد صعوبة في معرفة التواريخ في بعض المواد الكيميائية",تأكيد المراقب,253,أعمال ذكرى للتعدين,Zikra for Artisanal Mining Tailings,مخلفات,,منتجة,31,22/4/2016,22/4/2018,21/4/2020,0,199,عقد
332,2025,6,1/6/2025,"*ملاحظات:
1/  تم قياس المواد الكيميائية السائلة باللتر (الأحماض والايثانول)
2/ تم قياس المواد الكيميائية الصلبة بالكيلو (السيانيد والصودا اش وكاستك صودا )
3/ تم قياس المياه بالمتر المكعب
4/ تم قياس الأسمنت بالطن ومتبقي نصف طن في المخزن
5/ تم قياس الجازولين والزيوت باللتر


             *أنشطة تم تنفيذها خلال فترة التقرير:
1/ تم مكافحة الفئران المنتشرة بشكل كلي تقريبا
2/ تم رئ الاشجار في الموقع والعمل زيادة الغطاء النباتي
3/ تم رش الموقع بالمبيدات الحشرية والزيوت الراجعه لمكافحة نواقل الأمراض
4/ تم عمل يوم اصحاح بيئي في الموقع
5/ تم عمل ترنش خارج الموقع موازي للترس لتفادي السيول والفيضانات
6/ تم تم عمل حفرة في الاتجاه الغربي لتجميع مياه الأمطار
7/ تم عمل محاضرة توعوية علي  اهمية ادوات السلامة والالتزام بها",تأكيد المراقب,251,الجكوب للتعدين,Jakob for Mining,مخلفات,,منتجة,29,12/3/2015,3/4/2024,2/4/2027,0,206,عقد
331,2025,6,1/6/2025,,إعتماد مشرف الولاية,292,دوسة للأنشطة المتعددة,Dusa Multi-Activity Ltd.,مخلفات,,منتجة,70,1/12/2014,1/1/2023,31/12/2025,0,210,عقد
398,2025,6,1/6/2025,,تأكيد المراقب,243,موناس للتعدين المحدودة,Monas for Mining Ltd,مخلفات,,منتجة,21,20/2/2014,19/2/2023,18/2/2026,0,230,عقد
364,2025,6,1/6/2025,,مسودة,328,زرياب للتنمية المحدودة (وديان للتعدين),Wadian mining,مخلفات,,منتجة,106,12/1/2014,17/7/2023,16/7/2026,0,231,عقد
365,2025,6,1/6/2025,,مسودة,331,شركة أبورقية للتنمية المحدودة,Abu rugia for development CO. LTD,مخلفات,,منتجة,109,7/1/2014,17/7/2023,16/7/2026,0,236,عقد
381,2025,6,1/6/2025,يظل الإهتمام بالبيئة وسلامة الإنسان وصحته محل إهتمام الشركة حيث تؤكد الشركة عملياً مدى إلتزامها بتوفير بيئة عمل صالحة ومميزة وفق المستوى الأعلى للإلتزام بمواصفات ومعايير السلامة وحماية العاملين.,تأكيد المراقب,45,حجاجية لتعدين الذهب المحدودة,HAGAGIA GOLD MINING COMPANY. LTD,إمتياز منتجة,,منتجة,188,21/5/2013,21/5/2013,21/5/2043,21,2013/32,
333,2025,6,1/6/2025,تقرير البيئة والسلامة الشهري عن شهر يونيو 2025م,مسودة,51,أورشاب لتعدين الذهب المحدودة,Orshab Gold Mining Co.ltd,إمتياز منتجة,,منتجة,192,15/1/2013,15/1/2013,15/1/2043,5,2013/35,
497,2025,6,1/6/2025,,مسودة,33,مانوب للتعدين المحدودة,Manub for mining,إمتياز منتجة,,منتجة,186,15/1/2013,15/1/2013,15/1/2043,15,(2013)/38-106,
400,2025,6,1/6/2025,,مسودة,50,النواتي للذهب والنحاس المحدودة,ALNAWATE FOR GOLD AND COPPER CO.LTD,إمتياز منتجة,,منتجة,191,11/11/2012,11/11/2012,11/11/2042,16,2013/2,
375,2025,6,1/6/2025,,إعتماد مشرف الولاية,42,دلقو للتعدين المحدودة,Delgo mining Co. Ltd.,إمتياز منتجة,,منتجة,185,21/1/2012,21/1/2012,21/1/2042,17,(2012)/1-11,
378,2025,6,1/6/2025,,إعتماد مشرف الولاية,48,أرياب للتعدين المحدودة,ARIAB MINING COMPANY,إمتياز منتجة,,منتجة,189,16/3/2004,16/3/2004,16/3/2025,"11,18",1997/1,
397,2025,6,1/6/2025,"* يوجد توقف جزئي في العملية الانتاجية وتقليل للعاملين ادي ذالك الي ضعف الانشطة.
* يحتوي الموقع فقط علي عدد 8 موظفين لتسير الموقع اضافة الي افراد من الشرطة والجيش والامن.
* يتم تشغيل الواح الطاقة الشمسية معظم الاوقات في الابار والموقع لاستهلاك الطاقة وتقليل التلوث البيئي.
* تم مراجعة الطفايات ومتابعة الضغط ومفتاح الامان بشكل دوري.
* يتم رعاية الاشجار ومراعاتها من قبل قسم السلامة.
* تم انتاج مختلف الخضروات والفواكه من المزرعه بالموقع خلال هذا الشهر.
* تم رفع موازنه لاحتياجات قسم السلامة للربع الاخير من السنة.
* يجري العمل علي انماء وتعزيز ثقافة السلامة بين العاملين في الموقع.",إعتماد مشرف الولاية,371,شركة كاسكو للطاقة المتجددة المحدودة,Casco renewable  energy co,مخلفات,,منتجة,1561,17/2/2025,10/2/2025,9/2/2026,,81/حجر معدنيين,عقد
402,2025,6,1/6/2025,"* معدات اطفاء الحرائق لم يتم فحصها خلال فترة التقرير لذا تم رفعها  من اخر تاريخ لفحصها ( شهر مايو ).
* بعض المود الكيميائية لاتحتوي على صيغة التاريخ الكاملة ( اليوم، الشهر ثم السنة )فبعضها موضحه بالشهر والسنة وبعضها الآخر موضح بالعام فقط مثل (البوراكس، نترات الصوديوم، صودا آش، صودا كاوية ...) لذلك تم رفعها بالتاريخ الموضح من قبلكم اليوم والشهر ومن ثم اضافة العام الموضح على ديباجة المادة. 
* لا توجد وحدة علاجية بالموقع نسبة لقرب الموقع من سوق اربعات الطواحين ومدينة بورتسودان لذلك يتم علاج المرضى فقط بالمراكز الصحية بسوق أربعات الطواحين او مدينة بورتسودان.",تأكيد المراقب,322,شركة لانوس العالمية للمشاريع المتطورة المحدودة,Lanous factory for  waste mining,مخلفات,,منتجة,1527,11/12/2024,11/12/2024,10/12/2025,,177/حجر معدنيين,عقد
328,2025,6,1/6/2025,"- يتم عمل تفتيش لكل المواد الغذائية ومراجعة صلاحيتها وطريقة تخزينها بصورة دورية.
- يتم عمل تفتيش دوري لمنطقة الاحواض والمصنع لمنع تدفق المواد الكيميائية .
- يتم فحص فلاتر كمامات الزئبق بصورة دورية وقبل عملية الحريق . 
ـ تمت زيادة احتماعات JSA و TBT .
- تم عمل محاضرة  لجميع العاملين بهدف زيادة ثقافة السلامة ورفع الوعي للمخاطر المصاحبة لانشطة الشركة.
- يتم حرق مخلفات السيانيد في اماكن مخصصة لها بعيد عن السكن و اماكن تواجد العمال. 
- يتم عمل جولات تفتيشية يومية لاقسام الشركة لرصد ومعالجة ال (un safe act &un condition",تأكيد المراقب,352,شركة اتش اند ام باور للهندسة والإنشاءات والتجارة المحدودة,H@M for engineering cons &trad,مخلفات,,منتجة,,,,,,,
170,2025,6,1/6/2025,"الإجراءات التصحيحية خلال الشهر :
(1) بدئنا في تنفيذ موجهات العامة والاستعداد لموسم الخريف ومن ضمنها تحديد المخاطر المتوقعة لموقع الشركة
(2) تم بناء مخزن السيانيد المرحلة الأولى
(3) كما تم نظافة وتعلية سور الشركة
(4) تم شفط سابت تنك في المعسكر
(5) تم إلقاء محاضرات عن السلامة المهنية ومحاضرة عن استخدام الطفايات وأنواع الحرائق وأنواع الطفايات داخل الموقع.",تأكيد المراقب,370,شركة التمر للانشطة المتعددة المحدودة,Altamr multiple activities. LTD,مخلفات,,منتجة,,,,,,,
302,2025,6,1/6/2025,,إعتماد مشرف الولاية,41,دويشات للتعدين المحدودة,Duweishat Mining Co.ltd,إمتياز منتجة,,منتجة,,,,,,,
191,2025,6,1/6/2025,,مسودة,328,زرياب للتنمية المحدودة (وديان للتعدين),Wadian mining,مخلفات,,منتجة,,,,,,,
245,2025,6,1/6/2025,,تأكيد المراقب,265,يونميكس للانشطة المتعددة,Unmix for Multi-Activity Ltd,مخلفات,,منتجة,,,,,,,
198,2025,6,1/6/2025,تنامي للتعدين المحدودة,تأكيد المراقب,342,شركة تنامي للتعدين,Tanami mining co LT,مخلفات,,منتجة,,,,,,,
306,2025,6,1/6/2025,تم انشاء حوض مخلفات للخام بمواصفات تتطابق مع الاجراءات البيئيه الملزمه,إعتماد مشرف الولاية,324,شركة رواء  لمخلفات التعدين التقليدى,Rawa mineral waster treatment,مخلفات,,منتجة,,,,,,,
322,2025,6,1/6/2025,,إعتماد مشرف الولاية,337,اعمال التعدين المتقدمة المحدودة,Advanced mining works company LTD,مخلفات,,منتجة,,,,,,,
327,2025,6,1/6/2025,,تأكيد المراقب,246,نجير للتنمية المحدودة,Nageer for Development Limited,مخلفات,,منتجة,,,,,,,
156,2025,6,1/6/2025,,مسودة,302,أعمال الناير للتعدين,Al Nayer for Mining,مخلفات,,منتجة,,,,,,,
305,2025,6,1/6/2025,"المجموعة الدولية للتعدين - صواردة .
الإجراءات التى تم تنفيذها خلال فترة التقرير :
- تم همل الكشف الطبي الأولى للعاملين .
- تم عمل كشف طبي و فحص الفيروسات لجميع العاملين فى المطبخ .
- تم زراعة عدد 60 شتلة من الأشجار الظلية .
- تم تزيين الشوارع بالأحجار و تلوينها .
- تم توزيع العواكس فى الشوارع التى تشكل خطر .
- تم عمل حواجز لجميع الاماكن التى تشكل خطر بواسطة جنزير السلامة .
- تم تمييز السلالم و الدرابزينات باللونين الأسود و الأصفر .
- يتم جلب الحليب الطازج وتوزيعه بصورة يومية .",إعتماد مشرف الولاية,340,اعمال المجموعة الدولية للتعدين,the implementation of the international group,مخلفات,,منتجة,,,,,,,
321,2025,6,1/6/2025,,مسودة,249,إكسير للتعدين,Elixir for mining,مخلفات,,منتجة,,,,,,,
330,2025,6,1/6/2025,,تأكيد المراقب,242,الحامدين للتعدين,Al Hamdeen for Mining,مخلفات,,منتجة,,,,,,,
326,2025,6,1/6/2025,,مسودة,433,HUSSIEN MADAWI BARAKA & SONS COMPANY LIMITED,HUSSIEN MADAWI BARAKA & SONS COMPANY LIMITED,إستكشاف,,مقبلة,,,,,,,
325,2025,6,1/6/2025,,مسودة,299,مدن الذهب السبع للتعدين,Modan Alzahab for Mining,مخلفات,,منتجة,,,,,,,
304,2025,6,1/6/2025,,مسودة,60,قولدين بيرد للتعدين المحدودة,GOLDEN BIRD MINING CO.LTD,إمتياز منتجة,,مقبلة,,,,,,,
323,2025,6,1/6/2025,"شركة الهصور للتعدين موقع كدرمة 
- تم وضع خطة طوارئ للسيول والفياضانات 
- تم وضع خطة طوارئ واخلاء للتهديدات الامنية 
- تم عمل دورة تدريبية بعنوان خطط طوارئ والاخلاء
- تم التحقيق في حادثة وارسال ملف التحقيق في الحوادث",إعتماد مشرف الولاية,291,الهصور للتعدين - (كدرمة),Al Hussour for Mining - (Kaderma),مخلفات,,منتجة,,,,,,,
309,2025,6,1/6/2025,يظل الإهتمام بالبيئة وسلامة الإنسان وصحتة محل إهتمام الشركة حيث تؤكد الشركة عملياً مدى إلتزامها بتوفير بيئة عمل صالحة وفق المستوى الأعلى للإلتزام بمواصفات ومعاير السلامة و حماية العاملين، وذلك بتوفير كل المعدات والادوات الخاضة بالسلامة والصحة المهنية والمتابعة من إدارة البيئة والسلامة في جميع مراحل الانتاج,مسودة,241,صحاري للتعدين المحدودة,Sahara for Mining Ltd,مخلفات,,منتجة,,,,,,,
308,2025,6,1/6/2025,,تأكيد المراقب,44,أمدرمان للتعدين المحدودة,UMDURMAN Mining  Co. Ltd,إمتياز منتجة,,منتجة,,,,,,,
303,2025,6,1/6/2025,,مسودة,309,عادل ميرغني الرفاعي للتعدين,Adel Mirghani El Rifai for Mining,مخلفات,,منتجة,,,,,,,
324,2025,6,1/6/2025,,إعتماد مشرف الولاية,293,ديتاسي للإستثمار المحدودة,Detasi for Investments Ltd,مخلفات,,منتجة,,,,,,,
401,2025,5,1/5/2025,,مسودة,1524,سوهانيت للتعدين المحدودة,SOHANIET MINING CO.LTD,تعدين صغير,,منتجة,976,3/9/2023,3/9/2023,3/9/2038,1ط/2023,1ط/2023,عقد
603,2025,5,1/5/2025,,مسودة,254,مزن للتعدين المحدودة,Muzn for Mining Ltd,مخلفات,,منتجة,1584,15/4/2025,15/4/2025,14/4/2026,0,189/حجر معدنيين,عقد
307,2025,5,1/5/2025,"increse the safety birm around the mine to avoid heavy rains to get into mine working areas 
paving roads to establsih the new gate in the western  side depending on the  heavy rain and flooding plan 
Painting the coulmns area with visible and indicated colors 
establishing bund wall to the pregnant pond
distrubte the emergency plan on heavy rains to all realted departments.
fixing all room roofs and store roofs 
Establishing rest room for workers with all the necessary items",تأكيد المراقب,46,بان سودان ريسورسز للتعدين المحدودة,Pan Sudan Resources Mining Company Limited,إمتياز منتجة,,منتجة,,,,,,,
157,2025,5,1/5/2025,,مسودة,263,فضل المولى عرديب للتجارة و الاستثمار المحدودة,Fadl Al Mawla Ardeep for Trade & Investment Ltd,مخلفات,,منتجة,,,,,,,
396,2025,5,1/5/2025,"الملاحظات الايجابية:
* تم تنفيذ الإجراءات التصحيصية المتعلقة بحادثة تدفق السيانيد.
* تم توفير الاضاءة المناسبة في المنطقة خلف السكن والحمامات والتي كانت تشكل خطورة للعاملين في الفترة المسائية.
* هنالك إهتمام من قبل إدارة المشروع بقياس نسبة السيانيد في المخلفات قبل ترحيلها الي مكب النفايات مما يشكل بادرة إيجابية.
الملاحظات السلبية:
* إمتلاء مكب النفايات بنسبة تجاوزت 95%.
* بعض طفايات الحريق تحتاج الي إعادة تعبئة وصيانة بما يتماشي مع حجم نشاط المشروع خصوصا في منطقة خزانات الوقود.",مسودة,357,مودرن لوجستيك للمشاريع المتطورة المحدودة(مشروع001),Project(001),مخلفات,,منتجة,135,8/4/2021,8/4/2021,8/3/2024,0,151,عقد
43,2025,5,1/5/2025,"الملاحظات خلال شهر مايو :.
(1) تم خلال الشهر تدريب القوةالعاملة بالشركة والقاء محاضرات عن السلامة والصحة المهنية داخل المواقع. المحاضرات كالآتي :
(1) 2محاضرة عن أهمية السلامة في بئية العمل
(2)2 محاضرة عن أهمية أدوات السلامة في بيئة العمل
(3) 2 محاضرة عن مخاطر المواد الكيميائية في الموقع
(4) 2 محاضرة عن خطة الاخلاء عند الطورائ ومسالك الهروب
(5) 2  محاضرة عن إطفاء الحرائق وأنواع الطفايات
(3) تم شفط سابت تنك داخل الموقع
(4) بدئنا في تحديد مخاطر الخريف والاستعداد له بفتح المجاري وتحديد من مخاطر السيول والامطار",تأكيد المراقب,370,شركة التمر للانشطة المتعددة المحدودة,Altamr multiple activities. LTD,مخلفات,,منتجة,,,,,,,
93,2025,5,1/5/2025,في هذا الشهر عملنا على ترتيب المصنع والمعسكر وتخطيط الشوارع ووضع العواكس والعلامات بالإضافة لتجهيز وتخطيط أماكن زراعة الأشجار وكخطوة أولى تم جلب عدد 30 شتلة من الأشجار الظلية إيذانا لبدء تنفيذ خطة تشجير الموقع بالإضافة لأعمال النظافات وتوفير معينات النظافة والمحافظة على البيئة وأيضا تم الإنتهاء من خطط وسياسات السلامة وملفات القسم,إعتماد مشرف الولاية,340,اعمال المجموعة الدولية للتعدين,the implementation of the international group,مخلفات,,منتجة,,,,,,,
260,2025,5,1/5/2025,"* ملحوظة:
1/ تم قياس السيانيد بالكيلو جرام
2/ تم قياس الايثانول  والأحماض باللتر
3/ تم قياس المواد الكيميائية بالكيلو جرام
4/ تم قياس المياه بالمتر المكعب
5/ تم قياس الجازولين والزيوت باللتر

* أنشطة تم تنفيذها خلال فترة التقرير:
1/ تم عمل يوم اصحاح بيئي في الموقع
2/ تم رش الموقع بالمبيدات لمكافحة نواقل الأمراض
3/ تم تعلية الترس الخارجي 
4/ تم تطويق مخزن الكرته بالترنش لمجابهة مياه الأمطار
5/ تم تعلية حواف الأحواض بعد تحييد مجري مياه الامطار
6/ تم مكافحة الفئران المنتشرة في الموقع
7/ تم عمل محاضره توعوية لمجابهة مرض الكوليرا",تأكيد المراقب,251,الجكوب للتعدين,Jakob for Mining,مخلفات,,منتجة,,,,,,,
126,2025,5,1/5/2025,,إعتماد مشرف الولاية,320,وضاح صالح للتعدين,Waddah Saleh for Mining,مخلفات,,تحت التأسيس,,,,,,,
232,2025,5,1/5/2025,"house keeping all factory
   starting sand fence for all site preparing to raining season
starting first aid training",مسودة,54,دي ام للتعدين المحدودة,DM MININGCO.LTD,إمتياز منتجة,,منتجة,,,,,,,
229,2025,5,1/5/2025,"الاجراءات التصحيحيه :-
١/ تم اكمال عمل DAM التخلص من نفايات الانتاج حسب الجزء المتفق عليه
٢/  تم عمل شراكه مع عيادة خارجيه (مركز الحكمه العلاجي) في سوق نورايا الذي يبعد حوالي 4 كيلومتر من الموقع وتم توفير عربه طوارئ مخصصه للنقل ، وتم توفير مصل العقارب في الموقع ، وتم زياده عدد حقائب الاسعافات الاوليه في مواقع العمل.
٣/  تم الاتفاق مع شركه ادوات سلامه لإعادة تعبئة كل طفايات الموقع.",مسودة,52,فاروس لتعدين الذهب المحدودة,PHARAOHS GOLD MINING CO.LTD,إمتياز منتجة,,متعثرة,,,,,,,
209,2025,5,1/5/2025,,مسودة,292,دوسة للأنشطة المتعددة,Dusa Multi-Activity Ltd.,مخلفات,,منتجة,,,,,,,
199,2025,5,1/5/2025,,مسودة,323,شركة ود البطانة للتعدين,Wad albutana for mining co .LT,مخلفات,,منتجة,,,,,,,
177,2025,5,1/5/2025,,مسودة,49,اليانس للتعدين المحدودة,Alliance for mining Co.Ltd,إمتياز منتجة,,منتجة,,,,,,,
169,2025,5,1/5/2025,"1- تمت زيادة العلامات الارشادية والتحذيرية .
2- تم تركيب إنذارات الطوارئ بالمصنع والسكن .
3- تم جلب خرطوم مكافحة الحريق وسيتم تركيبه بمنظومة مكافحة الحريق في الأيام المقبلة.
4- تم عمل موقف سيارات .
5- تم تركيب علامات تحذيرية بالسكن وتم تركيب نقطة التجمع .
6- تم ملئ طفايات الحريق.",مسودة,264,كريبر للحلول المتكاملة المحدودة,Kreber Integrated Solutions Ltd,مخلفات,,منتجة,,,,,,,
162,2025,5,1/5/2025,,مسودة,293,ديتاسي للإستثمار المحدودة,Detasi for Investments Ltd,مخلفات,,منتجة,,,,,,,
168,2025,5,1/5/2025,,مسودة,372,شركة أعناب للتعدين,Aanab for mining,مخلفات,,منتجة,,,,,,,
208,2025,5,1/5/2025,,تأكيد المراقب,237,ساندستون للتنمية والاستثمار المحدودة,Sandstone for Development and Investment Ltd.,مخلفات,,منتجة,,,,,,,
197,2025,5,1/5/2025,"النشاط الحالي للشركة ومرحل العمل 
الشركة تحتوي علي اربعة احواض فات وتم تعبئة الاحواض الاربعة لدورة انتاج جديدة ثم رش الحوض وامتزاز وترسيب وصهر الذهب",مسودة,356,شركة وادي الدموك للأنشطة المتعددة المحدودة,Wadi al damuk multi activities CO.LTD,مخلفات,,منتجة,,,,,,,
207,2025,5,1/5/2025,"اعادة تعبئة الطفايات
بداية عمل السابت تانك
عمل ترانش لمخزن الكرتة
زرع اشجار مثمرة بالموقع
عمل علامات ارشادية للطريق الداخلي",مسودة,305,سبدو للأنشطة المتعددة المحدودة,Sebdo for Multiple Activities Ltd,مخلفات,,منتجة,,,,,,,
190,2025,5,1/5/2025,,مسودة,243,موناس للتعدين المحدودة,Monas for Mining Ltd,مخلفات,,منتجة,,,,,,,
176,2025,5,1/5/2025,"Health safety and environment conditions are in good conditions; HSE training plan is running smoothly, provision of PPE and fire equipment is committed by management. HSE plan implementation is in good progress.",مسودة,330,شركة عبقرينو الهندسية,Abarino engineering for const,مخلفات,,منتجة,,,,,,,
301,2025,5,1/5/2025,"م/ محمد محى الدين 
مسؤول البيئة والسلامة والصحة المهنية",مسودة,300,الفطيم للأعمال المتقدمة المحدودة,Al-Futtaim for Advanced Business Ltd,مخلفات,,متعثرة,,,,,,,
222,2025,5,1/5/2025,"* يوجد توقف جزئي في العملية الانتاجية وتقليل للعاملين خلال هذا الشهر وادي ذالك تراجع بعض انشطة السلامة.
* تم زيادة الاضاءة في مناطق مختلفة من الموقع اضافة الي زيادة الملصقات الارشادية.
* يتم تشغيل الواح الطاقة الشمسية معظم الاوقات في الابار والموقع لاستهلاك الطاقة والتقليل من التلوث البيئي .
* يوجد نقصان في عدد العاملين خلال هذا الشهر نسبة لتوقف مؤقت في العمل وعيد الاضحي.
* تم مراجعة الطفايات ومتابعة الضغط ومفتاح الامان بشكل دوري.
* تم التحضير لدورة تدريبية خلال الشهر القادم.
* يتم جمع براميل النفايات وحرق الاوساخ بشكل دوري.
* يتم رعاية الاشجار وزيادة الرقعة الزراعية من قبل قسم السلامة.
* تم انتاج عدد من الخضروات من المزرعة في الموقع اضافة الي اعمال الرش الخاصة باباعوض والحضروات.
* يجري العمل علي انماء وتعزيز ثقافة السلامة بين العاملين في الموقع.",مسودة,371,شركة كاسكو للطاقة المتجددة المحدودة,Casco renewable  energy co,مخلفات,,منتجة,,,,,,,
161,2025,5,1/5/2025,"ـ يتم تغيير فلتر الماء بصورة منتظمة .
ـ يتم عمل تفتيش لكل المواد الغذائية ومراجعة صلاحيتها وطريقة تخزينها بصورة دورية.
ـ تمت زيادة احتماعات JSA و TBT .
ـ يتم توزيع معدات الحماية الشخصية بحسب متطلبات العملية .
ـ تمت عمل اجتماعات تهدف لزيادة الوعي في استخدام معدات الحماية الشخصية .
ـ يتم فصل المخلفات وحرقها في اماكن ممخصصة لذلك و مخلفات المواد الكيميائية يتم حرقها في مكان مخصص بعيدا عن السكن و اماكن العمل .
ـ يتم مراجعة كمامات وفلاتر الزئبق قبل اي عملية حريق.
ـ تمت مراجعة اسلاك الكهرباء وعزلها وتغطيتها جيدا قبل موسم الامطار
 ـ يتم محاربة تسريب وتدفق المواد الكيميائية .
ـ يتم عمل جولات تفتيشية يومية لاقسام الشركة لرصد ومعالجة ال (un safe act &un condition",مسودة,352,شركة اتش اند ام باور للهندسة والإنشاءات والتجارة المحدودة,H@M for engineering cons &trad,مخلفات,,منتجة,,,,,,,
158,2025,5,1/5/2025,"الاجراءات التي تم تنفيذها هذا الشهر :
1/ عزل مخزن السيانيد من الاعلى لمكافحة مياه الامطار
2/ تركيب شفاط هواء لمخزن السيانيد
3/ عزل ودفن كوابل الكهرباء في المصنع
4/ رش الطور المائي لنواقل الامراض
5/ عمل الفحص الطبي الدوري لموظفي الشركة",مسودة,304,أعمال ود الخير للتعدين,Wad al-Khair for Mining Business,مخلفات,,منتجة,,,,,,,
175,2025,5,1/5/2025,,مسودة,242,الحامدين للتعدين,Al Hamdeen for Mining,مخلفات,,منتجة,,,,,,,
300,2025,5,1/5/2025,التقرير الشهري للبيئة والسلامة مايو 2025م,مسودة,51,أورشاب لتعدين الذهب المحدودة,Orshab Gold Mining Co.ltd,إمتياز منتجة,,منتجة,,,,,,,
167,2025,5,1/5/2025,صورة توضح الوضع غير الامن,مسودة,347,بان قلف للأنشطة المتعددة المحدودة,Pangulf mining,مخلفات,,منتجة,,,,,,,
97,2025,5,1/5/2025,,مسودة,433,HUSSIEN MADAWI BARAKA & SONS COMPANY LIMITED,HUSSIEN MADAWI BARAKA & SONS COMPANY LIMITED,إستكشاف,,مقبلة,,,,,,,
98,2025,5,1/5/2025,,مسودة,586,الراتق للتعدين,ALratig for mining,مخلفات,,منتجة,,,,,,,
96,2025,5,1/5/2025,"نؤكد لكم ان الأوضاع البيئية داخل الموقع مستقرة تماما ولاتوجد اي حالات غير طبيعية  او نفوق للطيور بالموقع نتيجة للإجراءات البيئية المتبعة لحماية البيئة والمحافظة عليها كما تم خلال فترة التقرير الأتي:  
	 جمع الاسكرابات وترحيله من داخل الموقع بعيدا إلى الأماكن المخصصة له خارج الموقع وترتيبه بصوره آمنة. 
	برنامج إصحاح بيئي في جميع وحدات العمل بالموقع. 
	 جمع كل النفايات بالموقع بصورة يوميه وتنظيف الممرات والمداخل وجمع نفايات المطبخ وترحيلها إلي الأماكن المخصصة لها خارج الموقع.
	 التخلص من مخلفات المواد الكيمائية (أكياس وفوارغ  السيانيد، أكياس الصودا وذلك بحرقها في المكب المخصص لها (Landfill) بعيدا عن الموقع وبطريقة آمنه. 
    مكافحة البعوض والحشرات .
ملاحظات: 
* لاتوجد وحدة علاجية بالموقع يتم علاج المرضى فقط بالمراكز الصحية بأربعات الطواحين نسبة لقربها من الموقع .
* بعض المواد الكيميائية لاتحتوي على ديباجة توضح مدى صلاحيتها لذلك تم وضع التاريخ الموضح من قبلكم كمثال حتى يتماشى ذلك مع النظام وتتسنى لنا عملية ارسال التقرير
* بعض المواد الكيميائية تاريخ مدى صلاحيتها موضح بالشهر والعام وبعضا بالعام فقط .",مسودة,322,شركة لانوس العالمية للمشاريع المتطورة المحدودة,Lanous factory for  waste mining,مخلفات,,منتجة,,,,,,,
242,2025,5,1/5/2025,,إعتماد مشرف الولاية,42,دلقو للتعدين المحدودة,Delgo mining Co. Ltd.,إمتياز منتجة,,منتجة,,,,,,,
174,2025,5,1/5/2025,,مسودة,246,نجير للتنمية المحدودة,Nageer for Development Limited,مخلفات,,منتجة,,,,,,,
84,2025,5,1/5/2025,يوجد مخزن المتفجرات في حامية دنقلا,مسودة,41,دويشات للتعدين المحدودة,Duweishat Mining Co.ltd,إمتياز منتجة,,منتجة,,,,,,,
166,2025,5,1/5/2025,"ما تم خلال الشهر:-
1- تغييروتأهيل الشمعات والكربون والرمله لوحدة تنقية المياه (المحطه النيليه)
2- رش وتعقيم السكن والغرف لمكافحة الافات.
3- الحد من القوارض (الفئران في منطقة السكن بالتحيد بواسطة الرش.
4- صيانة ومراجعة مشمعات الأحواض 12 و3 و4
5 - مراجعة توصيلات الكهرباء في منطقتي السكن والبوابة حيث تم تغيير الكيبل.

ملاحظات:-
السيانيد تم قياس الكميه بالطن والكميه المستهلكه خلال الشهر هي 2.8 تم كتابتها 3 نسبة لنظام البوابه الرافض للكسور
النايتريك والهيدروكلوريك بالجركانه
الإيثانول بالبرميل
باقي المواد الكيميائيه بالكيلو",مسودة,258,نوش للتعدين,Nosh for Mining Ltd,مخلفات,,منتجة,,,,,,,
299,2025,5,1/5/2025,,مسودة,33,مانوب للتعدين المحدودة,Manub for mining,إمتياز منتجة,,منتجة,,,,,,,
88,2025,5,1/5/2025,,مسودة,44,أمدرمان للتعدين المحدودة,UMDURMAN Mining  Co. Ltd,إمتياز منتجة,,منتجة,,,,,,,
91,2025,5,1/5/2025,يظل الإهتمام بالبيئة وسلامة الإنسان وصحتة محل إهتمام الشركة حيث تؤكد الشركة عملياً مدى إلتزامها بتوفير بيئة عمل صالحة وفق المستوى الأعلى للإلتزام بمواصفات ومعاير السلامة و حماية العاملين، وذلك بتوفير كل المعدات والادوات الخاضة بالسلامة والصحة المهنية والمتابعة من إدارة البيئة والسلامة في جميع مراحل الانتاج,مسودة,241,صحاري للتعدين المحدودة,Sahara for Mining Ltd,مخلفات,,منتجة,,,,,,,
60,2025,5,1/5/2025,,مسودة,299,مدن الذهب السبع للتعدين,Modan Alzahab for Mining,مخلفات,,منتجة,,,,,,,
173,2025,5,1/5/2025,* كيفة يمكن معرفة الزئبق في النفاية,مسودة,252,أم عوادة لخدمات الذهب التقليدي,Um Awada for Traditional Gold Service,مخلفات,,متعثرة,,,,,,,
165,2025,5,1/5/2025,,مسودة,50,النواتي للذهب والنحاس المحدودة,ALNAWATE FOR GOLD AND COPPER CO.LTD,إمتياز منتجة,,منتجة,,,,,,,
172,2025,5,1/5/2025,,مسودة,255,القويسي للتعدين,Al-Qwesi for Mining,مخلفات,,منتجة,,,,,,,
171,2025,5,1/5/2025,"شركة الهصور للتعدين موقع - كدرمة 
- تتم نظافة صالات الطعام بصورة يومية 
- يتم جمع وحرق النفايات بصورة دورية 
- تمت حملة رش لمكافحة نواقل الامراض بالموقع 
- تم زيادة وتجديد لعلامات السلامة بالموقع
- تم توصيل وتشغيل دش السلامة بالمعمل 
- تم البدء في عمل الحواجز والمجاري تجهيزا لفصل الخريف",إعتماد مشرف الولاية,294,الهصور للتعدين - (الخناق),Al Hussour for Mining - (Alkhank),مخلفات,,منتجة,,,,,,,
203,2025,5,1/5/2025,"تم البدء في عمل غرفة الصهر
تم شراء مرواح شفط لتهوية كل من الخليتين وغرفة السيانيد
تم البدء في عمل حماية بترس لمخزن الكرتة",إعتماد مشرف الولاية,306,أبو حنيفة للنقل و التجارة المحدودة,Abu Hanifa for Transport and Trading Ltd.,مخلفات,,منتجة,,,,,,,
194,2025,5,1/5/2025,,تأكيد المراقب,262,نامية للتعدين المحدودة,Namia for Mining Ltd,مخلفات,,منتجة,,,,,,,
248,2025,5,1/5/2025,,تأكيد المراقب,48,أرياب للتعدين المحدودة,ARIAB MINING COMPANY,إمتياز منتجة,,منتجة,,,,,,,
298,2025,5,1/5/2025,,مسودة,55,أوهاف للتعدين المحدودة,Ohaf for Mining Co.Ltd,إمتياز منتجة,,مقبلة,,,,,,,
90,2025,5,1/5/2025,,مسودة,324,شركة رواء  لمخلفات التعدين التقليدى,Rawa mineral waster treatment,مخلفات,,منتجة,,,,,,,
164,2025,5,1/5/2025,* صعوبة في كتابة التواريخ في بعض المواد الذي لا يستخدم في الموقع.,مسودة,253,أعمال ذكرى للتعدين,Zikra for Artisanal Mining Tailings,مخلفات,,منتجة,,,,,,,
92,2025,5,1/5/2025,,مسودة,60,قولدين بيرد للتعدين المحدودة,GOLDEN BIRD MINING CO.LTD,إمتياز منتجة,,مقبلة,,,,,,,
179,2025,5,1/5/2025,"1- الاسراع في عمل توسعة مكب النفايات الدام قبل دخول الخريف
2-  تركيب ( باب ، رفوف‘ شفاطاتوالتخلص من الفوارق) لمخزن المواد الكيميائية
3- إكمال العمل في الصرف الصحي للحمامات المعسكروالمصنع
4- زيادة الصبة الخرسانية لخلاط السيانيد وتثبيت السلم وزيادة منصة الحديد بالاعلى
5معالجة سلالم احواض المحلول الحامل للذهب المؤدية للطلمبات والبلوفة
6- توصيل انارة لمخزن السيانيد ومخزن المواد الكيميائية وتحسين الانارة في منطقة الاحواض
7- توفير علامات السلامة الارشادية والتحزيرية
8- انشاء حمام طؤاري بدلا عن الموجود وتركيب مغسلة عيون
9- توفير اجهزة قياس للسيانيد والزئبق",مسودة,361,سهل البطانة للتعدين,Sahl Albotana,مخلفات,,منتجة,,,,,,,
178,2025,5,1/5/2025,"السلام عليكم ورحمة الله
مرسل لسيادتكم تقرير شهر مايو متضمن مخرجات زيارة وفد الشركة السودانية للموارد المعدنية للموقع بتاريخ 18/5/2025 ، الرجاء التكرم بالاطلاع والتوجيه

                                                                               وشكرا
                                                                                                         شركة رويال",مسودة,295,رويال للأعمال المتقدمة,Royal for Advanced Business Ltd.,مخلفات,,منتجة,,,,,,,
95,2025,5,1/5/2025,,مسودة,328,زرياب للتنمية المحدودة (وديان للتعدين),Wadian mining,مخلفات,,منتجة,,,,,,,
94,2025,5,1/5/2025,,مسودة,337,اعمال التعدين المتقدمة المحدودة,Advanced mining works company LTD,مخلفات,,منتجة,,,,,,,
89,2025,5,1/5/2025,,مسودة,297,الأنفال للتعدين المحدودة,Al Anfal for Mining Ltd.,مخلفات,,متوقفة,,,,,,,
87,2025,5,1/5/2025,,مسودة,309,عادل ميرغني الرفاعي للتعدين,Adel Mirghani El Rifai for Mining,مخلفات,,منتجة,,,,,,,
163,2025,5,1/5/2025,"شركة بيرث لانتاج المعادن المحدودة
قسم البيئة والسلامة والصحة المهنية",مسودة,1822,شركة بيرث للانتاج المعادن المحدودة,Perth Mineral Production CO.LTD,مخلفات,,تحت التأسيس,,,,,,,
136,2025,5,1/5/2025,,مسودة,249,إكسير للتعدين,Elixir for mining,مخلفات,,منتجة,,,,,,,
12,2025,5,1/5/2025,تنامي للتعدين المحدودة,مسودة,342,شركة تنامي للتعدين,Tanami mining co LT,مخلفات,,منتجة,,,,,,,
296,2025,4,1/4/2025,,مسودة,1524,سوهانيت للتعدين المحدودة,SOHANIET MINING CO.LTD,تعدين صغير,,منتجة,,,,,,,
86,2025,4,1/4/2025,"Painting wining cell fence to make it visible during night 
Fabricating shelter for electrical boxes 
safety berm around mines to mitigate flood consequences 
Reduce day shift due to excessive heat temperatures 
working on flood emergency plan by creating berms and completing roads
Plan to increase drinking water capacity to be ready for flood days where movement to water source maybe difficult
Fixing rooms roofs before heavy rains start to come",مسودة,46,بان سودان ريسورسز للتعدين المحدودة,Pan Sudan Resources Mining Company Limited,إمتياز منتجة,,منتجة,,,,,,,
38,2025,4,1/4/2025,,مسودة,263,فضل المولى عرديب للتجارة و الاستثمار المحدودة,Fadl Al Mawla Ardeep for Trade & Investment Ltd,مخلفات,,منتجة,,,,,,,
297,2025,4,1/4/2025,,مسودة,254,مزن للتعدين المحدودة,Muzn for Mining Ltd,مخلفات,,منتجة,,,,,,,
55,2025,4,1/4/2025,"ملاحظات :-
1/ كميات المواد الكيميائية تم حسابها بالكيلو جرام .
2/ كميات المواد الكيميائية السائلة وكذلك الزيوت تم حسابها باللترات .
3/ تم حساب كميات المياه المستخدمة في كافة أقسام الموقع بالمتر المكعب .
4/ تم حساب كمية الأسمنت بالطن .
5/ بالنسبة لقيمة الزئبق الصفرية داخل التقرير تتم فك المكثف دوريآ كل (6) شهوروسيتم فك المكثف خلال شهر يونيو(6) القادم .
                                                     
                                                       # أنشطة تم تنفيذها خلال فترة التقرير داخل الموقع #
1/ تم رش الموقع بالكامل لمكافحة نواقل الأمراض والقوارض ومكافحة الفئران التي إنتشرت مؤخرآ في الولاية .
2/ تم تطهير جميع دورات المياه داخل الموقع 
3/ تم تغيير فلاتر منظومة مياه الشرب وفلاتر منظومة المطبخ .
4/ تم عمل يوم إصحاح بيئي لجميع الموقع .
5/ تم رئ الأشجار الموجودة في الموقع ويتم الرئ دوريآ مرتان في الإسبوع .
6/ تم تنفيذ محاضرة توعوية ودورة تدريبية فيما يخص البيئة والسلامة وكيفية تفادي الحوادث والإصابات .",تأكيد المراقب,251,الجكوب للتعدين,Jakob for Mining,مخلفات,,منتجة,,,,,,,
70,2025,4,1/4/2025,"* ملاحظات داخل التقرير :-

1/ كمية الأسمنت المستهلك الحقيقية هي (18.5) طن لكن تم كتابتها داخل التقرير (18) طن لقبول التقرير داخل البوابة .
2/ كمية الأسمنت المخزون الحقيقي هي (9.5) طن لكن تم كتابتها داخل التقرير (9) طن لقبول التقرير داخل البوابة .
3/ تم حساب كمية نفايات المطبخ بالطن .
4/ يتم صيانة مكثف غرفة الصهر حاليآ لضمان تكثيف الزئبق لعدم تلويث البيئة .

                                                                                 * ما تم تنفيذه خلال فترة التقرير :- 
1/ يتم متابعة أعمال التشغيل اليومية داخل الموقع .
2/ يتم التفتيش الصحي داخل الموقع من دورات مياه وأماكن تصريف المياه إستعدادآ لفصل الخريف المبكر .
3/ يتم التفتيش داخل جميع اماكن العمل .
4/ تم إدراج إجراءات وتوجيهات الصادرة من الشركة السودانية بالنسبة لفصل الخريف .",تأكيد المراقب,257,سودا قولد للتعدين,Soda Gold for Mining Ltd,مخلفات,,منتجة,,,,,,,
85,2025,4,1/4/2025,,تأكيد المراقب,237,ساندستون للتنمية والاستثمار المحدودة,Sandstone for Development and Investment Ltd.,مخلفات,,منتجة,,,,,,,
192,2025,4,1/4/2025,,مسودة,52,فاروس لتعدين الذهب المحدودة,PHARAOHS GOLD MINING CO.LTD,إمتياز منتجة,,متعثرة,,,,,,,
69,2025,4,1/4/2025,-,يظل الإهتمام بالبيئة وسلامة الإنسان وصحته محل إهتمام الشركة حيث تؤكد الشركة عملياً مدى إلتزامها بتوفير بيئة عمل صالحة ومميزة وفق المستوى الأعلى للإلتزام بمواصفات ومعايير السلامة وحماية العاملين.,تأكيد المراقب,45,حجاجية لتعدين الذهب المحدودة,HAGAGIA GOLD MINING COMPANY. LTD,إمتياز منتجة,,منتجة,,,,,,
41,2025,4,1/4/2025,يتم عمل بياض لمزيد من غرف السكن لتكون جاهزه للسكن,إعتماد مشرف الولاية,306,أبو حنيفة للنقل و التجارة المحدودة,Abu Hanifa for Transport and Trading Ltd.,مخلفات,,منتجة,,,,,,,
45,2025,4,1/4/2025,"السلام عليكم ورحمة الله تعالي وبركاته
شركة كاسكو للطاقة المتجددة
تم ركيب مرحة الشفط بوحدة الخلية
تم تركيب مروحة الشفط بالمطبخ
تم انشاء مخزن خاص للمواسد الكيميائية السائلة
تم تجديد علامات السلامة الارشادية والتحزيرية بالموقع
تم التخلص من نفايات المطبخ والسكن بصورة امنة وبمحرقة مخصصة لها مع مراعات اتجاه الراح
تم تجديد وتهيئة استراحة العمال بالمصنع
تم انشاء حمام خاص للعاملين بالمصنع 
تم عمل نشرة تحذيرية  بالموقع لجميع الموظفين لاخذ الحيطة والحزر من الحشرات والزواحف الخطرة مثل العقارب والثعابين  
تم التوسع بارقعة الزراعية لزيادة انتاج الخضروات بالموقع",مسودة,371,شركة كاسكو للطاقة المتجددة المحدودة,Casco renewable  energy co,مخلفات,,منتجة,,,,,,,
83,2025,4,1/4/2025,"Corrective Action:-
Appointment of a medical assistant",مسودة,54,دي ام للتعدين المحدودة,DM MININGCO.LTD,إمتياز منتجة,,منتجة,,,,,,,
82,2025,4,1/4/2025,,مسودة,33,مانوب للتعدين المحدودة,Manub for mining,إمتياز منتجة,,منتجة,,,,,,,
81,2025,4,1/4/2025,تقرير البيئة و السلامة شاور شهر ابريل,مسودة,340,اعمال المجموعة الدولية للتعدين,the implementation of the international group,مخلفات,,منتجة,,,,,,,
79,2025,4,1/4/2025,"تمت ذيارة من الشركه السودانية للموارد المعدنية الى موقع الشركة قسم البيئة والسلامة للتطلع على أحداث التعدين التقليدي فى منطقة (كرش الفيل)
وذلك للأحداث التى حدثت من المعدنين التقليدين وعمل على ذيارة الموقع والافادة وتم إرسال تقرير بهذا الاحداث من شركة النواتى الى الشركة السودانية",مسودة,50,النواتي للذهب والنحاس المحدودة,ALNAWATE FOR GOLD AND COPPER CO.LTD,إمتياز منتجة,,منتجة,,,,,,,
77,2025,4,1/4/2025,,مسودة,330,شركة عبقرينو الهندسية,Abarino engineering for const,مخلفات,,منتجة,,,,,,,
76,2025,4,1/4/2025,,مسودة,49,اليانس للتعدين المحدودة,Alliance for mining Co.Ltd,إمتياز منتجة,,منتجة,,,,,,,
75,2025,4,1/4/2025,"تم تنفيذ مكثف غرفة الخلية
جاري العمل على تغطية الاحواض
جاري العمل على تعديل الدام
تم تركيب لافتات ارشادية جديدة",مسودة,305,سبدو للأنشطة المتعددة المحدودة,Sebdo for Multiple Activities Ltd,مخلفات,,منتجة,,,,,,,
74,2025,4,1/4/2025,"دام النفايات الصلبة تم الإنتهاء منة بنسبة 90% متبقي عملية لحام المشمعات
الوحدة الصحية بإنتظار وصول المساعد الطبي",مسودة,310,وي لينك للانشطة المتعددة,WeLink for Multiple Activities Ltd,مخلفات,,مقبلة,,,,,,,
73,2025,4,1/4/2025,,مسودة,242,الحامدين للتعدين,Al Hamdeen for Mining,مخلفات,,منتجة,,,,,,,
72,2025,4,1/4/2025,,مسودة,265,يونميكس للانشطة المتعددة,Unmix for Multi-Activity Ltd,مخلفات,,منتجة,,,,,,,
71,2025,4,1/4/2025,"شركة لانوس لمعالجة مخلفات التعدين
- الإجراءات التصحيحية التي تمت خلال فترة التقرير:
  مكافحة الباعوض والحشرات بالموقع.
  إصحاح بيئي في كل الموقع.
- لاتوجد وحدة علاجية بالموقع بحيث يتم علاج المرضى فقط بالمراكز الصحية بأربعات الطواحين نسبة لقربها من الموقع.
- بعض المواد الكيميائية لاتحتوي على ديباجة توضح مدى صلاحيتها مثل ( البوراكس، الرصاص، السيلكا، نترات الأمونيوم ...) لذلك تم وضع التاريخ الموضح من قبلكم كمثال حتى يتماشى مع النظام ويتم ارسال التقرير.",مسودة,322,شركة لانوس العالمية للمشاريع المتطورة المحدودة,Lanous factory for  waste mining,مخلفات,,منتجة,,,,,,,
66,2025,4,1/4/2025,,مسودة,372,شركة أعناب للتعدين,Aanab for mining,مخلفات,,منتجة,,,,,,,
59,2025,4,1/4/2025,,إعتماد مشرف الولاية,48,أرياب للتعدين المحدودة,ARIAB MINING COMPANY,إمتياز منتجة,,منتجة,,,,,,,
65,2025,4,1/4/2025,"1.	الشروع في تنفيذ الاجراءات التصحيحية المتعلقة بحادث تسريب السيانيد بنسبة تجاوزت 80% والصادرة بتاريخ 17 ابريل 2025. خ . 
2.	امتلاء مكب النفايات بنسبة تجاوزت 95%. 
3.	  إعادة تعبئة وصيانة بعض طفايات الحريق بالموقع وتوفير طفايات إضافية تتماشي مع حجم النشاط خصوصا منطقة خزان الوقود.
4.	تم توفير بعض معينات السلامة المتعلقة بالحريق (ملابس حريق + فلاتر زئبق).
5.	تمت معالجة ومراجعة خلاطات السيانيد للتأكد من عدم وجود تسريب للسيانيد.
6.	متابعة إكمال وحدة تكثيف الزئبق بوحدة الخلية وجاري العمل للتأكد من كفاءة الاستخلاص حيث تم استخلاص وتجميغ زئبق تقدر كميتة 896 جم.
7.	يتم عمل نظام البرنامج التدريبي والتوعوي بنظام المجموعة علي حسب طبيعة النشاط لضمان ايصال المعلومة بسلاسة.",مسودة,357,مودرن لوجستيك للمشاريع المتطورة المحدودة(مشروع001),Project(001),مخلفات,,منتجة,,,,,,,
64,2025,4,1/4/2025,,مسودة,303,جمعية نور الهدى التجارية المتعددة الاغراض,Nour Al Huda Multipurpose Commercial Association,مخلفات,,منتجة,,,,,,,
62,2025,4,1/4/2025,"1-تم عمل ترس وحواجز بالحجار حول أحواض المعالجة إستعداداً لفصل الخريف.
2- تم تجهيز حفيرين لعملية حصد المياه.
3- تمت مراجعة الترس الخارجي وتجهيز إنحدار خارجي وداخلي للمساعدة في عملية تصريف المياه.
4- تم عمل ترس حول مكبات مخلفات التعدين.
5- تمت مراجعة الردميات وتعليتها للتقليل من عملية أنجرافها بالسيول .
6- تم ربط جميع مصاريف المياه بالحفاير وحصرها داخل الشركة.
7- تم تركيب علامات تحذيرية وإرشادية بالموقع.
8- تم تركيب فزاعات لأحواض الرش.
9- تم غرسال طفايات الحريق لصيانتها وإعادة تعبئتها.",مسودة,264,كريبر للحلول المتكاملة المحدودة,Kreber Integrated Solutions Ltd,مخلفات,,منتجة,,,,,,,
61,2025,4,1/4/2025,,مسودة,243,موناس للتعدين المحدودة,Monas for Mining Ltd,مخلفات,,منتجة,,,,,,,
58,2025,4,1/4/2025,تقديم الحلول الكافيه التي تساعدنا في تخفيف المخاطر البيئيه ومدنا بالمواد العلميه والتدريبيه التي تساعد في رفع كفاءه العاملين وارشادنا لوضع خطط السلامه بالموقع,مسودة,324,شركة رواء  لمخلفات التعدين التقليدى,Rawa mineral waster treatment,مخلفات,,منتجة,,,,,,,
57,2025,4,1/4/2025,,مسودة,320,وضاح صالح للتعدين,Waddah Saleh for Mining,مخلفات,,تحت التأسيس,,,,,,,
56,2025,4,1/4/2025,,مسودة,295,رويال للأعمال المتقدمة,Royal for Advanced Business Ltd.,مخلفات,,منتجة,,,,,,,
54,2025,4,1/4/2025,,مسودة,241,صحاري للتعدين المحدودة,Sahara for Mining Ltd,مخلفات,,منتجة,,,,,,,
53,2025,4,1/4/2025,,مسودة,352,شركة اتش اند ام باور للهندسة والإنشاءات والتجارة المحدودة,H@M for engineering cons &trad,مخلفات,,منتجة,,,,,,,
49,2025,4,1/4/2025,,إعتماد مشرف الولاية,42,دلقو للتعدين المحدودة,Delgo mining Co. Ltd.,إمتياز منتجة,,منتجة,,,,,,,
39,2025,4,1/4/2025,,تأكيد المراقب,262,نامية للتعدين المحدودة,Namia for Mining Ltd,مخلفات,,منتجة,,,,,,,
48,2025,4,1/4/2025,,مسودة,255,القويسي للتعدين,Al-Qwesi for Mining,مخلفات,,منتجة,,,,,,,
47,2025,4,1/4/2025,الانتاج المحلي لخضار الطماطم بالموقع,مسودة,347,بان قلف للأنشطة المتعددة المحدودة,Pangulf mining,مخلفات,,منتجة,,,,,,,
46,2025,4,1/4/2025,"ملحوظة :
1/ تم حساب نفايات المطبخ بال (الطن ) .
2/ تم إدراج النفايات الصلبة داخل التقرير (5 طن) والكمية الحقيقة (5.400 طن ) لقبول التقرير داخل البوابة .
3/ مادة السيلكا الإستهلاك الحقيقي (32.5 Kg) وتم جبرها إلى (33 Kg) لقبول التقرير داخل البوابة .
4/ كمية الزئبق الحقيقية عند الوزن (3.586 Kg) وتم إدراج الوزن (3000 Kg) داخل التقرير لقبول التقرير داخل البوابة .

* أنشطة تم تنفيذها خلال فترة التقرير :- 
1/ تم عمل منظومة دش السلامة داخل المصنع بعدد (2) منظومة جوار الخلية و منظومة جوار غرفة الصهر  .
2/ تم مراجعة التوصيلات الكهربائية في منطقة السكن .
3/ تم تهيئة حمامات السكن من كهرباء وسباكة وتصريف .
4/ تم توفيرعلاجات ومسلتزمات العيادة الطبية ( مطهرات / أدوية / أمصال عقارب / شاش / ) .
5/ تم توفير جزء من معدات الحماية الشخصية ( كمامات أبخرة زئبق / فلاتر أبخرة زئبق / ابوات / لبسات ) .
6/ تم رش الموقع بالكامل بالمبيدات الحشرية وسيتم دوريآ مرتان كل شهر .
7/ تم مكافحة الفئران والقوارض التي إنتشرت بصورة مقلقة في جميع المواق وتمت المكافحة بنسبة (62%) .
8/ تم عمل خطة طوارئ لفصل الخريف وجاري العمل في تنفيذها مدمجة مع الإجراءات و التوجيهات الصادرة من الشركة السودانية للموارد المعدنية المحدودة .",مسودة,258,نوش للتعدين,Nosh for Mining Ltd,مخلفات,,منتجة,,,,,,,
44,2025,4,1/4/2025,تقرير البيئة والسلامة عن شهر ابريل 2025م,مسودة,51,أورشاب لتعدين الذهب المحدودة,Orshab Gold Mining Co.ltd,إمتياز منتجة,,منتجة,,,,,,,
42,2025,4,1/4/2025,,مسودة,246,نجير للتنمية المحدودة,Nageer for Development Limited,مخلفات,,منتجة,,,,,,,
40,2025,4,1/4/2025,,مسودة,292,دوسة للأنشطة المتعددة,Dusa Multi-Activity Ltd.,مخلفات,,منتجة,,,,,,,
37,2025,4,1/4/2025,التقرير الشهري,مسودة,346,جلجال للتعدين,Gilgal works for mining,مخلفات,,منتجة,,,,,,,
36,2025,4,1/4/2025,"السلام عليكم ورحمه الله
الاجراءات التصحيحية التي تم عملها
1- تم تغير طبلون كهرباء المكاتب وتغير السلك بسلك 4 ملي الذي تسبب في الحريق الكهربائي .
2- تمت صيانة المولد الكهربائي وتغير اللتيتر بللتيتر جديد .
3- تم تحليل عينات مياه تحليل ميكروبيولجي وكانت النتيجة سالبة .
4- تم عمل يوم اصحاحي للبيئة .
5- يتم رش الطور المائي لنواقل الامراض اسبوعيا .",مسودة,304,أعمال ود الخير للتعدين,Wad al-Khair for Mining Business,مخلفات,,منتجة,,,,,,,
35,2025,4,1/4/2025,تم عزل مكب نفايات الكرته وعزل الاسطح الساخنه بالمصنع وصيانه مكثف الخليه وزلك ضمن الاجراءات التصحيحيه,مسودة,359,إسفير للتعدين المحدودة,Esphir mining company LT,مخلفات,,منتجة,,,,,,,
34,2025,4,1/4/2025,"التوصيات   
1.	توسعة مكب النفايات وزيادة العزل ولحام المشمع الساقط في أطراف المكب. 
2.	تركيب (باب، رفوف، شفاطات ونظافة والتخلص من الفوراغ) لمخزن المواد الكيميائية..
3.	إكمال العمل في الصرف الصحي لحمامات المعسكر والمصنع.
4.	زيادة الصبة الخرسانية لخلاط السيانيد وتثبيت السلم وزيادة منصة الحديد بالأعلى.
5.	معالجة سلالم احواض المحلول الحامل للذهب المؤدية للطلمبات والبلوفه.
6.	مراجعة كاملة للتوصيلات الكهربيائية وتركيب طبلونات في منطقة الاحواض و تحسين الإنارة حول غرفة الصهر ، الاحواض ، الطريق بين المعسكر والمصنع ومنطقة الحمامات وغيرها.
7.	الإسراع في اكمال متطلبات السلامة من أدوات سلامة،الامصال وعلب الاسعافات ، لافتات وبطاقات تعريفية وغيرها.
8.	انشاء وحدة صحية وتعيين طاقم طبي .
9.	عزل الاسطح الساخنة بوحدة النزع وتركيب حواجز حديدة لمنصة الكوالم.
10.	انشاء حمام طؤاري بدلا عن الموجود وتركيب مغسلة عيون.
11.	معالجة مكثف الزئبق الحالي بغرفة الصهر وتركيب مكثف زئبق لوحدة النزع. 
12.	توفير إجهزة قياس للسيانيد والزئبق HSN & Hg Detector , وجهاز انذار اتوماتيكي .
13.	صيانة سقف المسجد ، غرفة تحضير العينات بالمعمل وانشاء ورشة حدادة  جديدة قبل دخول فصل الخريف.
14.	زيادة العزل الخرساني حول مولد الوقود وانشاء مظلة للمولد وابعاد تنكر الوقود مسافة امنة.
15.	انشاء مغسلة اواني للمطبخ وتركيب سراميك وترابيز وابوب للخزن وشفاط.
16.	الإسراع في اكمال الغرف السكنية الجديدة والمكاتب.",مسودة,361,سهل البطانة للتعدين,Sahl Albotana,مخلفات,,منتجة,,,,,,,
14,2025,4,1/4/2025,,مسودة,356,شركة وادي الدموك للأنشطة المتعددة المحدودة,Wadi al damuk multi activities CO.LTD,مخلفات,,منتجة,,,,,,,
33,2025,4,1/4/2025,ممثل البيئة والسلامة محمد محى الدين,مسودة,300,الفطيم للأعمال المتقدمة المحدودة,Al-Futtaim for Advanced Business Ltd,مخلفات,,متعثرة,,,,,,,
26,2025,4,1/4/2025,* بخصوص الطفايات لا يوجد التعبئة في مدينة ابوحمد لكن رفعنا الي مدينة عطبرة .,مسودة,252,أم عوادة لخدمات الذهب التقليدي,Um Awada for Traditional Gold Service,مخلفات,,متعثرة,,,,,,,
25,2025,4,1/4/2025,"* بخصوص المواد الكيميائية الغير مستخدمة في الموقع مثل( الرصاص ,نترات الامونيا, السلكا) اي تاريخ نكتب في الحقل لانو بدون تاريخ لا يمكن رفع التقرير, لذلك تم كتابة التاريخ ب شهر مايو 
* بنسبة للزئبق لايوجد مكثف الزئبق في غرفة الصهر لكن بعض سحب الكبيولة الخلية احيانا يوجد نقاط من الزئبق ( لانو الخلية مغلقة)",مسودة,253,أعمال ذكرى للتعدين,Zikra for Artisanal Mining Tailings,مخلفات,,منتجة,,,,,,,
24,2025,4,1/4/2025,شركة لاند مارك لمخلفات التعدين,مسودة,239,لاندمارك للأنشطة المتعددة,Landmark for Multi-Activity Ltd,مخلفات,,متوقفة,,,,,,,
2,2025,4,1/4/2025,,مسودة,44,أمدرمان للتعدين المحدودة,UMDURMAN Mining  Co. Ltd,إمتياز منتجة,,منتجة,,,,,,,
15,2025,4,1/4/2025,"- اداة البيئة والسلامة لشركة الهصور للتعدين (موقع الخناق).
- تجري الاعمال خلال هذا الشهر في صيانة ال (CIL) للتجهز لعودة العمل به خلال الفترة القادمة.
- كما تجري الاعمال في احواض الفات بسعة قدرها 4 احواض (VAT).
- يوجد زيادة في العاملين الجدد خلال هذا الشهر نظرا للتجهيز لتشغيل المعالجة ب (CIL).
- يتم مراجعة الطفايات ومتابعة الضغط ومفتاح الامان بشكل دوري.
- تم التحضير لمحاضرة تعريفية خلال مطلع الشهر.
- تم جمع براميل النفايات وحرق الاوساخ بشكل دوري.
- تم التخلص من معظم الكثبان الرملية بالاضافة الي حفر خنادق ترابية (ترنشات) كحواجز جديدة من الجهة الشمالية بالموقع.
-  يتم رعاية الاشجار وزيادة الرقعة الزراعية من قبل افراد قسم السلامة.
- تم نظافة ومراجعة مخازن المواد الكيميائية.
- تم خلال هذا الشهر اعمال نظافة عامة للموقع خاصة منطقة المصنع.
- تم اجراء تحقيق لحادثين( سقوط شكارة سيانيد بالقرب من المخزن واستنشاق ابخرة من فرم الصهر).
- يجري العمل علي تعزيز ثقافة السلامة بين العاملين في الموقع وهو مجهود يحتاج وقتا لترسيخه بشكل ملموس.",مسودة,294,الهصور للتعدين - (الخناق),Al Hussour for Mining - (Alkhank),مخلفات,,منتجة,,,,,,,
13,2025,4,1/4/2025,,مسودة,293,ديتاسي للإستثمار المحدودة,Detasi for Investments Ltd,مخلفات,,منتجة,,,,,,,
11,2025,4,1/4/2025,,مسودة,249,إكسير للتعدين,Elixir for mining,مخلفات,,منتجة,,,,,,,
10,2025,4,1/4/2025,,مسودة,337,اعمال التعدين المتقدمة المحدودة,Advanced mining works company LTD,مخلفات,,منتجة,,,,,,,
9,2025,4,1/4/2025,,مسودة,433,HUSSIEN MADAWI BARAKA & SONS COMPANY LIMITED,HUSSIEN MADAWI BARAKA & SONS COMPANY LIMITED,إستكشاف,,مقبلة,,,,,,,
8,2025,4,1/4/2025,,مسودة,586,الراتق للتعدين,ALratig for mining,مخلفات,,منتجة,,,,,,,
7,2025,4,1/4/2025,,مسودة,323,شركة ود البطانة للتعدين,Wad albutana for mining co .LT,مخلفات,,منتجة,,,,,,,
6,2025,4,1/4/2025,,مسودة,60,قولدين بيرد للتعدين المحدودة,GOLDEN BIRD MINING CO.LTD,إمتياز منتجة,,مقبلة,,,,,,,
5,2025,4,1/4/2025,,مسودة,309,عادل ميرغني الرفاعي للتعدين,Adel Mirghani El Rifai for Mining,مخلفات,,منتجة,,,,,,,
4,2025,4,1/4/2025,,مسودة,331,شركة أبورقية للتنمية المحدودة,Abu rugia for development CO. LTD,مخلفات,,منتجة,,,,,,,
1,2025,4,1/4/2025,مخزن المتفجرات في حامية العسكرية في دنقلا,مسودة,41,دويشات للتعدين المحدودة,Duweishat Mining Co.ltd,إمتياز منتجة,,منتجة,,,,,,,
78,2025,3,1/4/2025,,مسودة,254,مزن للتعدين المحدودة,Muzn for Mining Ltd,مخلفات,,منتجة,,,,,,,
68,2025,3,1/4/2025,,مسودة,1524,سوهانيت للتعدين المحدودة,SOHANIET MINING CO.LTD,تعدين صغير,,منتجة,,,,,,,
3,2025,3,1/4/2025,the cyanide pump containment at the barren pond has been expanded for spill control-the laboratory sink plumbing is connected the chemical waste basin for safe disposal,مسودة,46,بان سودان ريسورسز للتعدين المحدودة,Pan Sudan Resources Mining Company Limited,إمتياز منتجة,,منتجة,,,,,,,
586,2025,8,1/8/2025,"1- تم تركيب خرطوم الحريق بوحدة الخلية.
2- تم ترتيب ونظافة مخزن المواد الكيميائية .
3-تم تركيب صندوق طفايات حريق من نوعdry powder بالمصنع.
4-تم تركيب blower بالمعمل.مما عزز  من عملية شفط الغازات بالمعمل",تأكيد المراقب,264,كريبر للحلول المتكاملة المحدودة,Kreber Integrated Solutions Ltd,مخلفات,,منتجة,42,7/6/2021,7/6/2021,6/6/2024,0,132,عقد
