الهدف الرئيسي,الهدف الفرعي,الادارة المسؤولة,الانشطة
ضبط وإحكام الإشراف والرقابة على البيئة والسلامة والصحة المهنية, إعادة تقييم موقف البيئة والسلامة وتوثيق وضع البيئة والصحة والسلامة ومدى الإلتزام بالإشتراطات في قطاع التعدين ,البيئة والسلامة,تنفيذ مأموريات تقييمية  للشركات المختلفة في قطاع  التعدين 
ضبط وإحكام الإشراف والرقابة على البيئة والسلامة والصحة المهنية, إعادة تقييم موقف البيئة والسلامة وتوثيق وضع البيئة والصحة والسلامة ومدى الإلتزام بالإشتراطات في قطاع التعدين ,البيئة والسلامة,تنفيذ مأموريات تقييمية لأسواق التعدين
ضبط وإحكام الإشراف والرقابة على البيئة والسلامة والصحة المهنية, إعادة تقييم موقف البيئة والسلامة وتوثيق وضع البيئة والصحة والسلامة ومدى الإلتزام بالإشتراطات في قطاع التعدين ,البيئة والسلامة,رصد وتحليل تقارير البيئة والسلامة الشهرية للشركات المنتجة وأسواق التعدين
ضبط وإحكام الإشراف والرقابة على البيئة والسلامة والصحة المهنية, إعادة تقييم موقف البيئة والسلامة وتوثيق وضع البيئة والصحة والسلامة ومدى الإلتزام بالإشتراطات في قطاع التعدين ,البيئة والسلامة,إسترجاع بيانات الإدارة بجمع ورصد بيانات الشركات المنتجة وأسواق التعدين وتوثيقها
ضبط وإحكام الإشراف والرقابة على البيئة والسلامة والصحة المهنية,تطوير الشركات المقبلة على الإنتاج وشركات التعدين الصغير والغير ملتزمة بمطلوبات الإدارة للوصول لنسبة إلتزام بمطلوبات وإشتراطات البيئة والسلامة  70% على الأقل ,البيئة والسلامة,تمليك الشركات متطلبات وإشتراطات ومواصفات البيئة والسلامة
ضبط وإحكام الإشراف والرقابة على البيئة والسلامة والصحة المهنية,تطوير الشركات المقبلة على الإنتاج وشركات التعدين الصغير والغير ملتزمة بمطلوبات الإدارة للوصول لنسبة إلتزام بمطلوبات وإشتراطات البيئة والسلامة  70% على الأقل ,البيئة والسلامة,تنفيذ مأموريات لمتابعة إلتزام الشركات بمتطلبات وإلتزامات البيئة والسلامة بمواقع الشركات
ضبط وإحكام الإشراف والرقابة على البيئة والسلامة والصحة المهنية,تطوير الشركات المقبلة على الإنتاج وشركات التعدين الصغير والغير ملتزمة بمطلوبات الإدارة للوصول لنسبة إلتزام بمطلوبات وإشتراطات البيئة والسلامة  70% على الأقل ,البيئة والسلامة,تنفيذ ورشة تطوير الشركات ومناقشة المعوقات وإحكام الرقابة لشركات التعدين الصغير والإستكشاف
ضبط وإحكام الإشراف والرقابة على البيئة والسلامة والصحة المهنية,تنفيذ برامج إرشادية بالتنسيق مع إدارة الإعلام لتعزيز ثقافة البيئة والسلامة ورفع الوعي في قطاع التعدين,البيئة والسلامة,تصميم محتويات إرشادية إعلامية ولقاءات (دراما – فديوهات قصيرة)  لتعزيز ثقافة البيئة والسلامة
ضبط وإحكام الإشراف والرقابة على البيئة والسلامة والصحة المهنية,تنفيذ برامج إرشادية بالتنسيق مع إدارة الإعلام لتعزيز ثقافة البيئة والسلامة ورفع الوعي في قطاع التعدين,البيئة والسلامة,الإحتفال بالمحافل الدولية (اليوم العالمي للسلامة واليوم العالمي للبيئة)
ضبط وإحكام الإشراف والرقابة على البيئة والسلامة والصحة المهنية,تنفيذ برامج إرشادية بالتنسيق مع إدارة الإعلام لتعزيز ثقافة البيئة والسلامة ورفع الوعي في قطاع التعدين,البيئة والسلامة,تنفيذ حملات إرشادية وحملات إصحاح بيئي وصحي بالتنسيق مع الجهات ذات الصلة في اسواق التعدين
ضبط وإحكام الإشراف والرقابة على البيئة والسلامة والصحة المهنية,تطوير عمليات التقييم والقياس البيئي للإدارة من خلال شراء معدات ووسائل حديثة لقياس الآثر البيئي لل(هواء – الماء – التربة)  في مناطق التعدين  في 3 ولايات(نهر النيل – البحر الأحمر – الشمالية),البيئة والسلامة,شراء أجهزة قياس بيئي محمولة للماء والهواء والتربة
ضبط وإحكام الإشراف والرقابة على البيئة والسلامة والصحة المهنية,تطوير عمليات التقييم والقياس البيئي للإدارة من خلال شراء معدات ووسائل حديثة لقياس الآثر البيئي لل(هواء – الماء – التربة)  في مناطق التعدين  في 3 ولايات(نهر النيل – البحر الأحمر – الشمالية),البيئة والسلامة,إجراء قياسات بيئية بواسطة أجهزة الرصد البيئي في الولايات المستهدفة
ضبط وإحكام الإشراف والرقابة على البيئة والسلامة والصحة المهنية,تطوير عمليات التقييم والقياس البيئي للإدارة من خلال شراء معدات ووسائل حديثة لقياس الآثر البيئي لل(هواء – الماء – التربة)  في مناطق التعدين  في 3 ولايات(نهر النيل – البحر الأحمر – الشمالية),البيئة والسلامة,الإستفادة من معامل شركات التعدين لقياس التلوث بمناطق التعدين
ضبط وإحكام الإشراف والرقابة على البيئة والسلامة والصحة المهنية,تطوير وبناء نظام السلامة الداخلية وتوفير معينات العمل والأدوات اللازمة لتنفيذه,البيئة والسلامة,تنفيذ تقييم للمخاطر لمبنى الرئاسة 
ضبط وإحكام الإشراف والرقابة على البيئة والسلامة والصحة المهنية,تطوير وبناء نظام السلامة الداخلية وتوفير معينات العمل والأدوات اللازمة لتنفيذه,البيئة والسلامة,فحص طفايات الحريق وصناديق الإسعافات الأولية بالرئاسة والولايات
ضبط وإحكام الإشراف والرقابة على البيئة والسلامة والصحة المهنية,تطوير وبناء نظام السلامة الداخلية وتوفير معينات العمل والأدوات اللازمة لتنفيذه,البيئة والسلامة,إجراء الفحص الطبي (الكرت الصحي) للعاملين بالخدمات
ضبط وإحكام الإشراف والرقابة على البيئة والسلامة والصحة المهنية,تطوير وبناء نظام السلامة الداخلية وتوفير معينات العمل والأدوات اللازمة لتنفيذه,البيئة والسلامة,توفير معدات الإطفاء ولوحات السلامة ومعدات الوقاية الشخصية للعاملين بالشركة في المركز والولايات
ضبط وإحكام الإشراف والرقابة على البيئة والسلامة والصحة المهنية,تطوير وبناء نظام السلامة الداخلية وتوفير معينات العمل والأدوات اللازمة لتنفيذه,البيئة والسلامة,تنفيذ عدد 5 دورات تدريبية في البيئة والسلامة متخصصة لموظفي الإدارة ودورات اساسية للعاملين بالرئاسة
ضبط وإحكام الإشراف والرقابة على البيئة والسلامة والصحة المهنية,تحويل التواصل وإجراءات إستلام التقرير الشهر وتقارير الحوادث للشركات المنتجة عن طريق نظام البوابة الإلكترونية بنسبة تنفيذ 50% ,البيئة والسلامة,انزال بيانات وإجراءات الإدارة في البوابة الرئيسية
ضبط وإحكام الإشراف والرقابة على البيئة والسلامة والصحة المهنية,تحويل التواصل وإجراءات إستلام التقرير الشهر وتقارير الحوادث للشركات المنتجة عن طريق نظام البوابة الإلكترونية بنسبة تنفيذ 50% ,البيئة والسلامة,التواصل مع الشركات ومراقبي الإنتاج لربطهم والتعامل بالبوابة الإلكترونية
ضبط وإحكام الإشراف والرقابة على البيئة والسلامة والصحة المهنية,تحويل التواصل وإجراءات إستلام التقرير الشهر وتقارير الحوادث للشركات المنتجة عن طريق نظام البوابة الإلكترونية بنسبة تنفيذ 50% ,البيئة والسلامة,التنسيق مع إدارة تقنية المعلومات لإنشاء نظام تحليلي داخل النظام
تعظيـــم المســاهمة في دعم الاقتصاد القومي,زيادة كفاءه التحصيل والرقابة المالية على الشركات ,الشؤون المالية ,تحصيل الإلتزامات المالية المتأخرة للسنوات السابقة حسب بنود الايرادات 
تعظيـــم المســاهمة في دعم الاقتصاد القومي,زيادة كفاءه التحصيل والرقابة المالية على الشركات ,الشؤون المالية , التركيز على كفاءه التحصيل للإلتزام بالربط وتوفير موارد للشركة للايفاء بالإلتزامات ولتسيير الاعمال 
تعظيـــم المســاهمة في دعم الاقتصاد القومي,زيادة كفاءه التحصيل والرقابة المالية على الشركات ,الشؤون المالية ,الرقابة المستمرة على الاداء المالي لشركات الامتياز ومراجعة نتائج الاداء لمالي لها قبل وأثناء عملية الانتاج
تعظيـــم المســاهمة في دعم الاقتصاد القومي,زيادة كفاءه التحصيل والرقابة المالية على الشركات ,الشؤون المالية ,حصر وتحديد الالتزامات المالية لشركات الامتياز والانتاج والتعدين الصغير ومشروع التعدين التقليدي
تعظيـــم المســاهمة في دعم الاقتصاد القومي,إستقطاع انصبة الدولة من الشركات  والتعدين التقليدي ,الشؤون المالية ,حصر وتحديد الالتزامات المالية لشركات الامتياز والانتاج والتعدين الصغير ومشروع التعدين التقليدي
تعظيـــم المســاهمة في دعم الاقتصاد القومي,إستقطاع انصبة الدولة من الشركات  والتعدين التقليدي ,الشؤون المالية ,التحصيل من التعدين التقليدي وتنسيق الجهود الرامية لتحقيق الربط 
تعظيـــم المســاهمة في دعم الاقتصاد القومي,إستقطاع انصبة الدولة من الشركات  والتعدين التقليدي ,الشؤون المالية ,احتساب انصبة الشركاء وتوزيعها عليهم فى الوقت المحدد
تعظيـــم المســاهمة في دعم الاقتصاد القومي,إستقطاع انصبة الدولة من الشركات  والتعدين التقليدي ,الشؤون المالية ,تحصيل المبلغ المستهدف من شركات الامتياز والانتاج والتعدين الصغير ومشروع التعدين التقليدي
تعظيـــم المســاهمة في دعم الاقتصاد القومي,إستقطاع انصبة الدولة من الشركات  والتعدين التقليدي ,الشؤون المالية ,الرقابة المستمرة علي الأداء المالي لمشروع التعدين التقليدي
تعظيـــم المســاهمة في دعم الاقتصاد القومي,إستقطاع انصبة الدولة من الشركات  والتعدين التقليدي ,الشؤون المالية ,تنفيذ مأموريات التحصيل ومراجعة الاداء وازالة المعقوقات 
تعظيـــم المســاهمة في دعم الاقتصاد القومي,تطبيق المبادي والفروض المحاسبية وفقاً للوائح والقوانين والمناشير المتعارف عليها ,الشؤون المالية ,التأكد من سلامة النظام المحاسبي المحوسب 
تعظيـــم المســاهمة في دعم الاقتصاد القومي,تطبيق المبادي والفروض المحاسبية وفقاً للوائح والقوانين والمناشير المتعارف عليها ,الشؤون المالية ,تنفيذ المطابقات الماليه المطلوبه
تعظيـــم المســاهمة في دعم الاقتصاد القومي,تطبيق المبادي والفروض المحاسبية وفقاً للوائح والقوانين والمناشير المتعارف عليها ,الشؤون المالية ,ضبط المصروفات وفق الموازنة
تعظيـــم المســاهمة في دعم الاقتصاد القومي,تطبيق المبادي والفروض المحاسبية وفقاً للوائح والقوانين والمناشير المتعارف عليها ,الشؤون المالية ,إعداد القوائم المالية والايضاحات المرفقة
تعظيـــم المســاهمة في دعم الاقتصاد القومي,تطبيق المبادي والفروض المحاسبية وفقاً للوائح والقوانين والمناشير المتعارف عليها ,الشؤون المالية ,تمويل الانشطة وفق الموازنة
تعظيـــم المســاهمة في دعم الاقتصاد القومي,تطبيق المبادي والفروض المحاسبية وفقاً للوائح والقوانين والمناشير المتعارف عليها ,الشؤون المالية ,تطبيق الهيكل الراتبي
تعظيـــم المســاهمة في دعم الاقتصاد القومي,إحكام الرقابة والإشراف على شركات الإمتياز المنتجة بما يُحقق %85 (على الأقل) من الإنتاج المُخطط,ادارة الانتاج,إحكام وتطوير نظام الرقابة المكتبية والحقلية
تعظيـــم المســاهمة في دعم الاقتصاد القومي,إحكام الرقابة والإشراف على شركات الإمتياز المنتجة بما يُحقق %85 (على الأقل) من الإنتاج المُخطط,ادارة الانتاج,ضبط سلاسل إمداد الذهب
تعظيـــم المســاهمة في دعم الاقتصاد القومي,إحكام الرقابة والإشراف على شركات الإمتياز المنتجة بما يُحقق %85 (على الأقل) من الإنتاج المُخطط,ادارة الانتاج,تقديم الدعم الفني والإداري والإجرائي للشركات
تعظيـــم المســاهمة في دعم الاقتصاد القومي,إحكام الرقابة والإشراف على شركات الإمتياز المنتجة بما يُحقق %85 (على الأقل) من الإنتاج المُخطط,ادارة الانتاج,الاجتماعات الدورية والطارئة مع أصحاب المصلحة والإدارات ذات الصلة
تعظيـــم المســاهمة في دعم الاقتصاد القومي,إحكام الرقابة والإشراف على شركات الإمتياز المنتجة بما يُحقق %85 (على الأقل) من الإنتاج المُخطط,ادارة الانتاج,تنفيذ المأموريات التفتيشية
تعظيـــم المســاهمة في دعم الاقتصاد القومي,إحكام الرقابة والإشراف على شركات الإمتياز المنتجة بما يُحقق %85 (على الأقل) من الإنتاج المُخطط,ادارة الانتاج,متابعة خطط الانتاج المستهدف للعام 2025م 
تعظيـــم المســاهمة في دعم الاقتصاد القومي,إحكام الرقابة والإشراف على شركات الإمتياز المنتجة بما يُحقق %85 (على الأقل) من الإنتاج المُخطط,ادارة الانتاج,إعتماد خطط الإنتاج للعام 2026م
تعظيـــم المســاهمة في دعم الاقتصاد القومي,إحكام الرقابة والإشراف على شركات شركات معالجة مخلفات بما يُحقق %100 من الإنتاج المُخطط,ادارة الانتاج,إحكام وتطوير نظام الرقابة المكتبية والحقلية
تعظيـــم المســاهمة في دعم الاقتصاد القومي,إحكام الرقابة والإشراف على شركات شركات معالجة مخلفات بما يُحقق %100 من الإنتاج المُخطط,ادارة الانتاج,ضبط سلاسل إمداد الذهب
تعظيـــم المســاهمة في دعم الاقتصاد القومي,إحكام الرقابة والإشراف على شركات شركات معالجة مخلفات بما يُحقق %100 من الإنتاج المُخطط,ادارة الانتاج,تقديم الدعم الفني والإداري والإجرائي للشركات
تعظيـــم المســاهمة في دعم الاقتصاد القومي,إحكام الرقابة والإشراف على شركات شركات معالجة مخلفات بما يُحقق %100 من الإنتاج المُخطط,ادارة الانتاج,الاجتماعات الدورية والطارئة مع أصحاب المصلحة والإدارات ذات الصلة
تعظيـــم المســاهمة في دعم الاقتصاد القومي,إحكام الرقابة والإشراف على شركات شركات معالجة مخلفات بما يُحقق %100 من الإنتاج المُخطط,ادارة الانتاج,تنفيذ المأموريات التفتيشية
تعظيـــم المســاهمة في دعم الاقتصاد القومي,إحكام الرقابة والإشراف على شركات شركات معالجة مخلفات بما يُحقق %100 من الإنتاج المُخطط,ادارة الانتاج,متابعة خطط الانتاج المستهدف للعام 2025م 
تعظيـــم المســاهمة في دعم الاقتصاد القومي,إحكام الرقابة والإشراف على شركات شركات معالجة مخلفات بما يُحقق %100 من الإنتاج المُخطط,ادارة الانتاج,إعتماد خطط الإنتاج للعام 2026م
تعظيـــم المســاهمة في دعم الاقتصاد القومي,تعظيم وتوسيع عائدات الدولة الانتاجية والايرادية للتعدين التقليدي,التعدين التقليدي,تطيبق زيادة  قيمة التحصيل للجوال
تعظيـــم المســاهمة في دعم الاقتصاد القومي,تعظيم وتوسيع عائدات الدولة الانتاجية والايرادية للتعدين التقليدي,التعدين التقليدي,الاشراف علي تحصيل اسواق التعدين
تعظيـــم المســاهمة في دعم الاقتصاد القومي,تعظيم وتوسيع عائدات الدولة الانتاجية والايرادية للتعدين التقليدي,التعدين التقليدي,الاشراف علي التحصيل من الغرابيل
تعظيـــم المســاهمة في دعم الاقتصاد القومي,تعظيم وتوسيع عائدات الدولة الانتاجية والايرادية للتعدين التقليدي,التعدين التقليدي,الاشراف علي التحصيل العيني
تعظيـــم المســاهمة في دعم الاقتصاد القومي,الضبط والرقابة على حركة الذهب الموجه لغرض الصادر,ادارة الصادر,رصد الذهب الوارد من الاسواق ومقارنته مع الذهب الوارد للمواصفات لأغراض الصادر .
تعظيـــم المســاهمة في دعم الاقتصاد القومي,الضبط والرقابة على حركة الذهب الموجه لغرض الصادر,ادارة الصادر,رصد الذهب الوارد من المواصفات لغرض الصادر ومراجعة شهادات المعايرة لغرض الصادر  .
تعظيـــم المســاهمة في دعم الاقتصاد القومي,الضبط والرقابة على حركة الذهب الموجه لغرض الصادر,ادارة الصادر,القيام باجراءات صادر الذهب واعتماد شهادات عدم الممانعة
تعظيـــم المســاهمة في دعم الاقتصاد القومي,الضبط والرقابة على حركة الذهب الموجه لغرض الصادر,ادارة الصادر,رفع التقارير عن حركة نقل الذهب لاغراض الصادر والبيانات المرتبطة بيها ، والقيام برصد دفعيات عائد الصادر وفق الكمية المصدرة من الذهب الخام .
تعظيـــم المســاهمة في دعم الاقتصاد القومي,ضبط  حركة الذهب وتعظيم نصيب الدولة من الذهب,ادارة الصادر,رصد ومراجعة الإنتاج الذي لم يصل لجان إستلام نصيب الدولة من الذهب
تعظيـــم المســاهمة في دعم الاقتصاد القومي,ضبط  حركة الذهب وتعظيم نصيب الدولة من الذهب,ادارة الصادر,تحديد إنتاج حجر المعدنين بالتواصل مع الإدارات الفنية ومراقبين الإنتاج
تعظيـــم المســاهمة في دعم الاقتصاد القومي,ضبط  حركة الذهب وتعظيم نصيب الدولة من الذهب,ادارة الصادر,توزيع الذهب المستلم بواسطة اللجان بالولايات  علي شركاء الدولة حسب القرار90
تعظيـــم المســاهمة في دعم الاقتصاد القومي,ضبط  حركة الذهب وتعظيم نصيب الدولة من الذهب,ادارة الصادر,متابعة إجراءات بيع نصيب الدولة  من الذهب حسب ما تحددة لجنة بيع الذهب بالشركة
تعظيـــم المســاهمة في دعم الاقتصاد القومي,ضبط  حركة الذهب وتعظيم نصيب الدولة من الذهب,ادارة الصادر,إعداد تقرير شهري مفصل بآنصبة الشركاء قيمة وذهب
تعظيـــم المســاهمة في دعم الاقتصاد القومي,ضبط حركة وتعظيم نصيب الدولة من الفضة,ادارة الصادر,حصر إنتاج الفضة ومتابعة الترحيل وصولاً إلي الحصول علي نتيجة المعمل
تعظيـــم المســاهمة في دعم الاقتصاد القومي,ضبط حركة وتعظيم نصيب الدولة من الفضة,ادارة الصادر,إرسال المطالبات إلي العملاء بإستقطاع نصيب الدولة من الفضة ذهب او ما يعادلة جنية سوداني
تعظيـــم المســاهمة في دعم الاقتصاد القومي,ضبط حركة وتعظيم نصيب الدولة من الفضة,ادارة الصادر,المتابعة مع العميل حتي يتم توريد نصيب الدولة قيمةً أو ذهباً.
تعظيـــم المســاهمة في دعم الاقتصاد القومي,الضبط والرقابة علي حركة الذهب ومكافحة التهريب ,ادارة الصادر,احكام الرقابة علي المعابر والمنافذ (البرية والبحرية والجوية ) بتفعيل منافذ ومعابر جديدة
تعظيـــم المســاهمة في دعم الاقتصاد القومي,الضبط والرقابة علي حركة الذهب ومكافحة التهريب ,ادارة الصادر,الاحاطة بمنتج الذهب من حيث الكمية المنتجة والمتداولة والمصدرة  عبر تفعيل الاجهزة النظامية والضبطيات
تعظيـــم المســاهمة في دعم الاقتصاد القومي,الضبط والرقابة علي حركة الذهب ومكافحة التهريب ,ادارة الصادر,الحد من تهريب الذهب لاسترداد انصبة الدولة وتعظيم الايرادات  الاهتمام بالضبطيات لرفع الصادر
تعظيـــم المســاهمة في دعم الاقتصاد القومي,الضبط والرقابة علي حركة الذهب ومكافحة التهريب ,ادارة الصادر,مكافة تهريب الذهب للحد من التهرب من عائد الصادر  احكام متكامل لمستندات النقل والتخزين والترحيل
تعظيـــم المســاهمة في دعم الاقتصاد القومي,الضبط والرقابة علي حركة الذهب ومكافحة التهريب ,ادارة الصادر,مراقبة الدورة المستندية للذهب المتداول والمخزن والصادر  اعادة احكام اجراءات المستندات وتاكيد نقاط الوجهه
تعظيـــم المســاهمة في دعم الاقتصاد القومي,حصر ومعالجة الخامات المُعالجة مُسبقاً في شركات معالجة مخلفات التعدين التقليدي,ادارة الانتاج,حصر الكميات بمواقع الشركات
تعظيـــم المســاهمة في دعم الاقتصاد القومي,حصر ومعالجة الخامات المُعالجة مُسبقاً في شركات معالجة مخلفات التعدين التقليدي,ادارة الانتاج,إعداد دراسة لطريقة وجدوى المعالجة
تعظيـــم المســاهمة في دعم الاقتصاد القومي,حصر ومعالجة الخامات المُعالجة مُسبقاً في شركات معالجة مخلفات التعدين التقليدي,ادارة الانتاج,إعتماد أنصبة الدولة للمشروع
تعظيـــم المســاهمة في دعم الاقتصاد القومي,حصر ومعالجة الخامات المُعالجة مُسبقاً في شركات معالجة مخلفات التعدين التقليدي,ادارة الانتاج,الإشراف على تنفيذ المشروع
تعظيـــم المســاهمة في دعم الاقتصاد القومي,إحكام الرقابة على الذهب المنتج بقطاع التعدين التقليدي ,التعدين التقليدي,إحكام الرقابة على الذهب المنتج داخل الأسواق
تعظيـــم المســاهمة في دعم الاقتصاد القومي,إحكام الرقابة على الذهب المنتج بقطاع التعدين التقليدي ,التعدين التقليدي,إحكام الرقابة على الذهب الخارج من الأسواق
تعظيـــم المســاهمة في دعم الاقتصاد القومي,إحكام الرقابة على الذهب المنتج بقطاع التعدين التقليدي ,التعدين التقليدي,إحكام الرقابة على معامل المعايرة والصاغة
تعظيـــم المســاهمة في دعم الاقتصاد القومي,إحكام الرقابة على الذهب المنتج بقطاع التعدين التقليدي ,التعدين التقليدي,إحكام الرقابة على الكرتة داخل الأسواق
تعظيـــم المســاهمة في دعم الاقتصاد القومي,إحكام الرقابة على الذهب المنتج بقطاع التعدين التقليدي ,التعدين التقليدي,إحكام الرقابة على الذهب المُنتج خارج الأسواق
تعظيـــم المســاهمة في دعم الاقتصاد القومي,زيادة الإنتاج والانتاجية لشركات التعدين الصغير,التعدين الصغير,جمع واعتماد خطط الشركات رصد وضبط الانتاج (استلام تقارير الانتاج + استلام التقارير الفنية من المراقبين + مراجعة الانحراف فى الانتاج المخطط) + متابعة تحصيل وتحديث العوائد الجليلة لمعادن (الرخام – الجبص – الملح) + إجراءات صادر المعادن الاخرى.
تعظيـــم المســاهمة في دعم الاقتصاد القومي,زيادة الإنتاج والانتاجية لشركات التعدين الصغير,التعدين الصغير,تنفيذ مأموريات الرقابة والتفتيش 
تعظيـــم المســاهمة في دعم الاقتصاد القومي,زيادة الإنتاج والانتاجية لشركات التعدين الصغير,التعدين الصغير,تقديم الدعم الفني للشركات 
تعظيـــم المســاهمة في دعم الاقتصاد القومي,زيادة الإنتاج والانتاجية لشركات التعدين الصغير,التعدين الصغير,عمل قيمة للمعادن الصناعية والمعادن الاستراتيجية 
تعظيـــم المســاهمة في دعم الاقتصاد القومي,زيادة الإنتاج والانتاجية لشركات التعدين الصغير,التعدين الصغير,إقامة ورشة لمناقشة مشاكل الشركات الفنية والادارية.
تعظيـــم المســاهمة في دعم الاقتصاد القومي,زيادة الإنتاج والانتاجية لشركات التعدين الصغير,التعدين الصغير,تنفيذ الاجراءات للشركات
تعظيـــم المســاهمة في دعم الاقتصاد القومي,المراجعة والتدقيق علي الموازنة العامة للشركة والقوائم المالية لشركات التعدين,المراجعة الداخلية,مراجعة حسابات ايرادات الشركة في للعام 2025م.
تعظيـــم المســاهمة في دعم الاقتصاد القومي,المراجعة والتدقيق علي الموازنة العامة للشركة والقوائم المالية لشركات التعدين,المراجعة الداخلية,مراجعة المصروفات الفعلية مع المجازة وفق الموازنة.
تعظيـــم المســاهمة في دعم الاقتصاد القومي,المراجعة والتدقيق علي الموازنة العامة للشركة والقوائم المالية لشركات التعدين,المراجعة الداخلية,مراجعة الاصول الملموسة وغيرالملموسه 
تعظيـــم المســاهمة في دعم الاقتصاد القومي,المراجعة والتدقيق علي الموازنة العامة للشركة والقوائم المالية لشركات التعدين,المراجعة الداخلية,مراجعة الخصوم وحقوق الملكية
تعظيـــم المســاهمة في دعم الاقتصاد القومي,المراجعة والتدقيق علي الموازنة العامة للشركة والقوائم المالية لشركات التعدين,المراجعة الداخلية,مراجعة قائمة الدخل للشركات بمكوناتها المختلفة.
تعظيـــم المســاهمة في دعم الاقتصاد القومي,المراجعة والتدقيق علي الموازنة العامة للشركة والقوائم المالية لشركات التعدين,المراجعة الداخلية,مراجعة قائمة المركز المالي  للشركات بمكوناتها المختلفة.
تعظيـــم المســاهمة في دعم الاقتصاد القومي,المراجعة والتدقيق علي الموازنة العامة للشركة والقوائم المالية لشركات التعدين,المراجعة الداخلية,مراجعة قائمة التدفقات النقدية
تعظيـــم المســاهمة في دعم الاقتصاد القومي,المراجعة والتدقيق علي الموازنة العامة للشركة والقوائم المالية لشركات التعدين,المراجعة الداخلية,مراجعة قائمة التغير في حقوق الملكية
تعظيـــم المســاهمة في دعم الاقتصاد القومي,تفعيل شراكة في مشروعات اسثتمارية,الاستثمار,تقديم واعتماد دراسات الجدوي الاقتصادية لمشروعات استثمارية
تعظيـــم المســاهمة في دعم الاقتصاد القومي,تفعيل شراكة في مشروعات اسثتمارية,الاستثمار,حصر الجهات الممكن عبرها تفعيل شراكة تمويلية
تعظيـــم المســاهمة في دعم الاقتصاد القومي,تفعيل شراكة في مشروعات اسثتمارية,الاستثمار,التنسيق مع جهات لتمويل المشروعات والدخول في شركات استثمارية 
تعظيـــم المســاهمة في دعم الاقتصاد القومي,تفعيل شراكة في مشروعات اسثتمارية,الاستثمار,الاستثمار عبر مشروع رخصة تعدين المخلفات 
إحكام  وتطوير الاشراف والرقابة علي قطاع التعدين,مشروع  تأسيس وحدة (ورشة) البرمجيات الفنية المساعدة في انجاز العمليات الفنية للتأكد من النماذج الجيولوجية والهندسية التي تدرجها الشركات العاملة ضمن عملها الفني,التعدين الصغير,تجهيز قاعة كبرى بها سيرفرات ذات سعات تخزينية كبيرة
إحكام  وتطوير الاشراف والرقابة علي قطاع التعدين,مشروع  تأسيس وحدة (ورشة) البرمجيات الفنية المساعدة في انجاز العمليات الفنية للتأكد من النماذج الجيولوجية والهندسية التي تدرجها الشركات العاملة ضمن عملها الفني,التعدين الصغير,تجهيز برامج فنية مثل ( surpac ) و 
إحكام  وتطوير الاشراف والرقابة علي قطاع التعدين,مشروع  تأسيس وحدة (ورشة) البرمجيات الفنية المساعدة في انجاز العمليات الفنية للتأكد من النماذج الجيولوجية والهندسية التي تدرجها الشركات العاملة ضمن عملها الفني,التعدين الصغير,( micromine  ) بالإضافة الى برامج ال ( GIS )
إحكام  وتطوير الاشراف والرقابة علي قطاع التعدين,مشروع  تأسيس وحدة (ورشة) البرمجيات الفنية المساعدة في انجاز العمليات الفنية للتأكد من النماذج الجيولوجية والهندسية التي تدرجها الشركات العاملة ضمن عملها الفني,التعدين الصغير,تجهيز قاعة الوحدة واستجلاب السعات التخزينية (خلال الربع الأول)
إحكام  وتطوير الاشراف والرقابة علي قطاع التعدين,مشروع  تأسيس وحدة (ورشة) البرمجيات الفنية المساعدة في انجاز العمليات الفنية للتأكد من النماذج الجيولوجية والهندسية التي تدرجها الشركات العاملة ضمن عملها الفني,التعدين الصغير,استجلاب البرمجيات المطلوبة (خلال استكمال المعلومات الفنية المطلوبة.
إحكام  وتطوير الاشراف والرقابة علي قطاع التعدين,مشروع  تأسيس وحدة (ورشة) البرمجيات الفنية المساعدة في انجاز العمليات الفنية للتأكد من النماذج الجيولوجية والهندسية التي تدرجها الشركات العاملة ضمن عملها الفني,التعدين الصغير, تدريب الكادر الفني وتدشين المشروع
إحكام  وتطوير الاشراف والرقابة علي قطاع التعدين,احكام الإشراف والرقابة الإدارية والتعاقدية وتوفيق أوضاع شركات الاستكشاف,إدارة الاستكشاف,دراسة ومراجعة الإتفاقيات الجديدة واضافة المربعات الجديدة وإعداد إستمارة البيانات والمخاطبات وتحديث قاعدة البيانات.
إحكام  وتطوير الاشراف والرقابة علي قطاع التعدين,احكام الإشراف والرقابة الإدارية والتعاقدية وتوفيق أوضاع شركات الاستكشاف,إدارة الاستكشاف,دراسة طلبات اعتماد المواقيت التعويض والتجميد وإصدار الشهادات
إحكام  وتطوير الاشراف والرقابة علي قطاع التعدين,احكام الإشراف والرقابة الإدارية والتعاقدية وتوفيق أوضاع شركات الاستكشاف,إدارة الاستكشاف,توفيق الوضع التعاقدى للشركات ودراسة التمديد والتنازل والتخلى وتعديل المساحات وإصدار الشهادات
إحكام  وتطوير الاشراف والرقابة علي قطاع التعدين,احكام الإشراف والرقابة الإدارية والتعاقدية وتوفيق أوضاع شركات الاستكشاف,إدارة الاستكشاف,الشراكة وفض الشراكة وتنازل الأسهم وتعديل الأنصبة وإصدار الشهادات
إحكام  وتطوير الاشراف والرقابة علي قطاع التعدين,احكام الإشراف والرقابة الإدارية والتعاقدية وتوفيق أوضاع شركات الاستكشاف,إدارة الاستكشاف,فحص الإحداثيات وإعداد المقترحات والخرائط التعاقدية والفنية للمربعات ومواقع التعدين واعداد المقترحات  والتحديث المستمر لقاعدة البيانات المكانية والخارطة الفنية.
إحكام  وتطوير الاشراف والرقابة علي قطاع التعدين,احكام الإشراف والرقابة والفنية وتقديم الدعم الفنى لشركات الإستكشاف,إدارة الاستكشاف,دراسة إجراءات الشركات  وإعداد المخاطبات
إحكام  وتطوير الاشراف والرقابة علي قطاع التعدين,احكام الإشراف والرقابة والفنية وتقديم الدعم الفنى لشركات الإستكشاف,إدارة الاستكشاف,الرقابة الميدانية – الإلكترونية – التقارير الميدانية – الرقابة النوعية بالحاق كوادر فنية ذات كفاءة فنية فى الشركات.
إحكام  وتطوير الاشراف والرقابة علي قطاع التعدين,احكام الإشراف والرقابة والفنية وتقديم الدعم الفنى لشركات الإستكشاف,إدارة الاستكشاف,دراسة وتحليل برامج العمل و قبولها أو رفضها وإصدار الشهادات
إحكام  وتطوير الاشراف والرقابة علي قطاع التعدين,احكام الإشراف والرقابة والفنية وتقديم الدعم الفنى لشركات الإستكشاف,إدارة الاستكشاف,دراسة وتحليل التقارير الفنية والمالية الدورية ورصدها.
إحكام  وتطوير الاشراف والرقابة علي قطاع التعدين,احكام الإشراف والرقابة والفنية وتقديم الدعم الفنى لشركات الإستكشاف,إدارة الاستكشاف,تقديم العروض الفنية للشركات ومساعدة الشركات المتعثرة وحثها على معاودة النشاط الإستكشافى.
إحكام  وتطوير الاشراف والرقابة علي قطاع التعدين,احكام الإشراف والرقابة والفنية وتقديم الدعم الفنى لشركات الإستكشاف,إدارة الاستكشاف,ترقية الشركات وفق تقدمها في العمل الفني
إحكام  وتطوير الاشراف والرقابة علي قطاع التعدين,تكملة وتحديث قاعدة البيانات الإدارية والتعاقدية والفنية  لشركات الإستكشاف,إدارة الاستكشاف,رصد وتحديث بيانات الملفات الإدارية لشركات الإستكشاف في قاعدة البيانات
إحكام  وتطوير الاشراف والرقابة علي قطاع التعدين,تكملة وتحديث قاعدة البيانات الإدارية والتعاقدية والفنية  لشركات الإستكشاف,إدارة الاستكشاف,رصد وتحديث البيانات الفنية فى الخارطة الفنية لشركات الإستكشاف
إحكام  وتطوير الاشراف والرقابة علي قطاع التعدين,تكملة وتحديث قاعدة البيانات الإدارية والتعاقدية والفنية  لشركات الإستكشاف,إدارة الاستكشاف,إعداد الكتيبات والمشروعات والخرائط الفنية
إحكام  وتطوير الاشراف والرقابة علي قطاع التعدين,تكملة وتحديث قاعدة البيانات الإدارية والتعاقدية والفنية  لشركات الإستكشاف,إدارة الاستكشاف,اعداد الخطط وتقارير الأداء ومتابعة تنفيذ الانشطة
إحكام  وتطوير الاشراف والرقابة علي قطاع التعدين,تكملة وتحديث قاعدة البيانات الإدارية والتعاقدية والفنية  لشركات الإستكشاف,إدارة الاستكشاف,ضبط المعاملات ورصد الأداء
إحكام  وتطوير الاشراف والرقابة علي قطاع التعدين,إكمال و تنفيذ الرقابة الإجرائية والإدارية لمعاملات شركات الإمتياز المنتجة بنسبة 100%,ادارة الانتاج,إجازة كشوفات الاحتياجات للعام 2025م
إحكام  وتطوير الاشراف والرقابة علي قطاع التعدين,إكمال و تنفيذ الرقابة الإجرائية والإدارية لمعاملات شركات الإمتياز المنتجة بنسبة 100%,ادارة الانتاج,تنفيذ الإعفاءات الجمركية والضريبية للشركات
إحكام  وتطوير الاشراف والرقابة علي قطاع التعدين,إكمال و تنفيذ الرقابة الإجرائية والإدارية لمعاملات شركات الإمتياز المنتجة بنسبة 100%,ادارة الانتاج,تنفيذ طلبات دخول وحركة الأجانب
إحكام  وتطوير الاشراف والرقابة علي قطاع التعدين,إكمال و تنفيذ الرقابة الإجرائية والإدارية لمعاملات شركات الإمتياز المنتجة بنسبة 100%,ادارة الانتاج,تنفيذ طلبات الوقود
إحكام  وتطوير الاشراف والرقابة علي قطاع التعدين,إكمال و تنفيذ الرقابة الإجرائية والإدارية لمعاملات شركات الإمتياز المنتجة بنسبة 100%,ادارة الانتاج,تنفيذ طلبات سلفيات وإسترداد المواد والشراء من السوق المحلي
إحكام  وتطوير الاشراف والرقابة علي قطاع التعدين,إكمال و تنفيذ الرقابة الإجرائية والإدارية لمعاملات شركات الإمتياز المنتجة بنسبة 100%,ادارة الانتاج,تنفيذ إجراءات الرقابة الإجرائية والإدارية لضبط مدخلات الانتاج 
إحكام  وتطوير الاشراف والرقابة علي قطاع التعدين,إعداد وإعتماد لائحة الجزاءات الفنية,ادارة الانتاج,حصر البنود التي تناقش الأمور الفنية في القوانين والإتفاقيات والعقود واللوائح الخاصة بشركات الإنتاج
إحكام  وتطوير الاشراف والرقابة علي قطاع التعدين,إعداد وإعتماد لائحة الجزاءات الفنية,ادارة الانتاج,حصر الممارسات الفنية والإدارية بالمواقع التي تخالف أسس العمل
إحكام  وتطوير الاشراف والرقابة علي قطاع التعدين,إعداد وإعتماد لائحة الجزاءات الفنية,ادارة الانتاج,تشكيل لجنة لإعداد تصور مبدئي للائحة الجزاءات بالتنسيق مع الإدارات ذات الصلة
إحكام  وتطوير الاشراف والرقابة علي قطاع التعدين,إعداد وإعتماد لائحة الجزاءات الفنية,ادارة الانتاج,عقد ورشة بمشاركة الجهات ذات الصلة لتنقيح اللائحة
إحكام  وتطوير الاشراف والرقابة علي قطاع التعدين,إعداد وإعتماد لائحة الجزاءات الفنية,ادارة الانتاج,مخاطبة السيد/ وزير المعادن لمراجعة وإعتماد اللائحة
إحكام  وتطوير الاشراف والرقابة علي قطاع التعدين,إعداد وإعتماد لائحة الجزاءات الفنية,ادارة الانتاج,عقد ورش لمنسوبي الإدارة بمواقع الإنتاج (المُشرفون الميدانيون) للتنوير ببنود اللائحة
إحكام  وتطوير الاشراف والرقابة علي قطاع التعدين,إعداد وإعتماد لائحة الجزاءات الفنية,ادارة الانتاج,تنوير شركات الإنتاج باللائحة المعتمدة
إحكام  وتطوير الاشراف والرقابة علي قطاع التعدين,إكمال و تنفيذ الرقابة الإجرائية والإدارية لمعاملات شركات معالجة مخلفات التعدين التقليدي بنسبة 100%,ادارة الانتاج,إجازة كشوفات الاحتياجات للعام 2025م
إحكام  وتطوير الاشراف والرقابة علي قطاع التعدين,إكمال و تنفيذ الرقابة الإجرائية والإدارية لمعاملات شركات معالجة مخلفات التعدين التقليدي بنسبة 100%,ادارة الانتاج,تنفيذ طلبات أذونات الإدخال لمُدخلات الإنتاج للشركات
إحكام  وتطوير الاشراف والرقابة علي قطاع التعدين,إكمال و تنفيذ الرقابة الإجرائية والإدارية لمعاملات شركات معالجة مخلفات التعدين التقليدي بنسبة 100%,ادارة الانتاج,تنفيذ طلبات الوقود
إحكام  وتطوير الاشراف والرقابة علي قطاع التعدين,إكمال و تنفيذ الرقابة الإجرائية والإدارية لمعاملات شركات معالجة مخلفات التعدين التقليدي بنسبة 100%,ادارة الانتاج,تنفيذ طلبات سلفيات وإسترداد المواد والشراء من السوق المحلي
إحكام  وتطوير الاشراف والرقابة علي قطاع التعدين,إكمال و تنفيذ الرقابة الإجرائية والإدارية لمعاملات شركات معالجة مخلفات التعدين التقليدي بنسبة 100%,ادارة الانتاج,تنفيذ إجراءات الرقابة الإجرائية والإدارية لضبط مدخلات الانتاج 
إحكام  وتطوير الاشراف والرقابة علي قطاع التعدين,إحكام التنسيق والدعم الفني الموجه لإدخال عدد من شركات الإستكشاف المتقدمة والمحوله فنيا لمرحلة الإنتاج,ادارة الانتاج,متابعة دراسات الجدوى في مراحل محددة بالتنسيق مع إدارة التطوير بالإدارة العامة للإشراف والرقابة على شركات الإستكشاف
إحكام  وتطوير الاشراف والرقابة علي قطاع التعدين,إحكام التنسيق والدعم الفني الموجه لإدخال عدد من شركات الإستكشاف المتقدمة والمحوله فنيا لمرحلة الإنتاج,ادارة الانتاج,إستلام شركات الإمتياز المُتحصلة على عقود تعدين حديثة
إحكام  وتطوير الاشراف والرقابة علي قطاع التعدين,إحكام التنسيق والدعم الفني الموجه لإدخال عدد من شركات الإستكشاف المتقدمة والمحوله فنيا لمرحلة الإنتاج,ادارة الانتاج,المساهمة في وصول شركات الإمتياز المُقبلة لمرحلة الإنتاج
إحكام  وتطوير الاشراف والرقابة علي قطاع التعدين,تطوير طرق واساليب الرقابة على أنشطة الإستخلاص بالتعدين التقليدي ,التعدين التقليدي,إنشاء سوق نموذجي في كل ولاية
إحكام  وتطوير الاشراف والرقابة علي قطاع التعدين,تطوير طرق واساليب الرقابة على أنشطة الإستخلاص بالتعدين التقليدي ,التعدين التقليدي,إحكام الرقابة على الطواحين
إحكام  وتطوير الاشراف والرقابة علي قطاع التعدين,تطوير طرق واساليب الرقابة على أنشطة الإستخلاص بالتعدين التقليدي ,التعدين التقليدي,تقنين أنشطة الإستخلاص
إحكام  وتطوير الاشراف والرقابة علي قطاع التعدين,تطوير طرق واساليب الرقابة على أنشطة الإستخلاص بالتعدين التقليدي ,التعدين التقليدي,إحكام الرقابة على مستوردات الإستخلاص
إحكام  وتطوير الاشراف والرقابة علي قطاع التعدين,تطوير طرق واساليب الرقابة على أنشطة الإستخلاص بالتعدين التقليدي ,التعدين التقليدي,إحكام الرقابة الرقمية على كل أنشطة التعدين التقليدي
إحكام  وتطوير الاشراف والرقابة علي قطاع التعدين,تطوير طرق واساليب الرقابة على أنشطة الإستخلاص بالتعدين التقليدي ,التعدين التقليدي,تطوير وترقية الأداء الإداري
إحكام  وتطوير الاشراف والرقابة علي قطاع التعدين,التنسيق في الإشراف و تقديم الدعم الاداري على تنفيذ خطط الإدارت الفنية  عبر هيكل الطوارئ في الولايات,التعدين التقليدي,الإشراف  والدعم الاداري  على تنفيذ خطة إدارة المسئولية المجتمعية
إحكام  وتطوير الاشراف والرقابة علي قطاع التعدين,التنسيق في الإشراف و تقديم الدعم الاداري على تنفيذ خطط الإدارت الفنية  عبر هيكل الطوارئ في الولايات,التعدين التقليدي,الإشراف  والدعم الاداري  على تنفيذ خطة الإدارة العامة للبيئة والسلامة
إحكام  وتطوير الاشراف والرقابة علي قطاع التعدين,التنسيق في الإشراف و تقديم الدعم الاداري على تنفيذ خطط الإدارت الفنية  عبر هيكل الطوارئ في الولايات,التعدين التقليدي,الإشراف  والدعم الاداري  على تنفيذ خطة الإدارة العامة للإشراف والرقابة على شركات الصادر
إحكام  وتطوير الاشراف والرقابة علي قطاع التعدين,التنسيق في الإشراف و تقديم الدعم الاداري على تنفيذ خطط الإدارت الفنية  عبر هيكل الطوارئ في الولايات,التعدين التقليدي,الإشراف  والدعم الاداري على تنفيذ خطة الإدارة العامة للإشراف والرقابة على شركات الإنتاج
إحكام  وتطوير الاشراف والرقابة علي قطاع التعدين,التنسيق في الإشراف و تقديم الدعم الاداري على تنفيذ خطط الإدارت الفنية  عبر هيكل الطوارئ في الولايات,التعدين التقليدي,الإشراف  والدعم الاداري  على تنفيذ خطة الإدارة العامة للإشراف والرقابة على شركات الإستكشاف
إحكام  وتطوير الاشراف والرقابة علي قطاع التعدين,التنسيق في الإشراف و تقديم الدعم الاداري على تنفيذ خطط الإدارت الفنية  عبر هيكل الطوارئ في الولايات,التعدين التقليدي,الإشراف  والدعم الاداري على تنفيذ خطة الإدارة العامة للإشراف والرقابة على شركات الإساكشاف
إحكام  وتطوير الاشراف والرقابة علي قطاع التعدين,تطوير نطاق مناطق التعدين الصغير المنتج وزيادة الإنتاج والانتاجية,التعدين الصغير,جمع واعتماد خطط الاستكشاف للرخص (برامج عمل).
إحكام  وتطوير الاشراف والرقابة علي قطاع التعدين,تطوير نطاق مناطق التعدين الصغير المنتج وزيادة الإنتاج والانتاجية,التعدين الصغير,رصد ومتابعة الأنشطة الاستكشافية (التقارير).
إحكام  وتطوير الاشراف والرقابة علي قطاع التعدين,تطوير نطاق مناطق التعدين الصغير المنتج وزيادة الإنتاج والانتاجية,التعدين الصغير,تنفيذ مأموريات الرقابة والتفتيش. 
إحكام  وتطوير الاشراف والرقابة علي قطاع التعدين,تطوير نطاق مناطق التعدين الصغير المنتج وزيادة الإنتاج والانتاجية,التعدين الصغير,تقديم الدعم الفني للشركات (الاجتماعات).
إحكام  وتطوير الاشراف والرقابة علي قطاع التعدين,تطوير نطاق مناطق التعدين الصغير المنتج وزيادة الإنتاج والانتاجية,التعدين الصغير,تنفيذ ومتابعة إجراءات الشركات.
إحكام  وتطوير الاشراف والرقابة علي قطاع التعدين,ضبط حركة مُدخلات الإنتاج لشركات الامتياز المنتجة ومعالجة المخلفات,ادارة الانتاج,الرقابة الإجرائية والإدارية على السلفيات والإسترداد
إحكام  وتطوير الاشراف والرقابة علي قطاع التعدين,ضبط حركة مُدخلات الإنتاج لشركات الامتياز المنتجة ومعالجة المخلفات,ادارة الانتاج,الرقابة الإجرائية والإدارية على الإعفاءات وأذونات التخليص
إحكام  وتطوير الاشراف والرقابة علي قطاع التعدين,ضبط حركة مُدخلات الإنتاج لشركات الامتياز المنتجة ومعالجة المخلفات,ادارة الانتاج,الرقابة الإجرائية والإدارية على الوقود
إحكام  وتطوير الاشراف والرقابة علي قطاع التعدين,ضبط حركة مُدخلات الإنتاج لشركات الامتياز المنتجة ومعالجة المخلفات,ادارة الانتاج,الرقابة الإجرائية والإدارية على الشراء من السوق المحلي
إحكام  وتطوير الاشراف والرقابة علي قطاع التعدين,تقديم الدعم والخدمات القانونية لأنشطة الشركة..,الادارة القانونية,حوسبة العمل وإنشاء نظام إلكتروني وعمل أرشيف إلكتروني.
إحكام  وتطوير الاشراف والرقابة علي قطاع التعدين,تقديم الدعم والخدمات القانونية لأنشطة الشركة..,الادارة القانونية,تجميع وتنقيح والطباعة الورقية والالكترونية لكافة التشريعات المنظمة لعمل النشاط التعديني وتغطية القصور التشريعي الذي يتضح من خلال تطبيق التشريعات.
إحكام  وتطوير الاشراف والرقابة علي قطاع التعدين,تقديم الدعم والخدمات القانونية لأنشطة الشركة..,الادارة القانونية,إبداء الرأي القانوني في المسائل التي تحال للإدارة القانونية.
إحكام  وتطوير الاشراف والرقابة علي قطاع التعدين,تقديم الدعم والخدمات القانونية لأنشطة الشركة..,الادارة القانونية,متابعة الدعاوي في مواجهة الشركة أو ضد الآخرين لحماية مربعات الشركات من التعديات. .
إحكام  وتطوير الاشراف والرقابة علي قطاع التعدين,تقديم الدعم والخدمات القانونية لأنشطة الشركة..,الادارة القانونية,التوصية بالمراجعة الدورية للاتفاقيات والعقود في مجال النشاط التعديني لموائمتها مع القوانين واللوائح والتشريعات السارية.
إحكام  وتطوير الاشراف والرقابة علي قطاع التعدين,تقديم الدعم والخدمات القانونية لأنشطة الشركة..,الادارة القانونية,توجيه الإنذارات الجهات المرخص لها والتي لديها مخالفات إدارية أو مالية أو بيئية.
إحكام  وتطوير الاشراف والرقابة علي قطاع التعدين,تقديم الدعم والخدمات القانونية لأنشطة الشركة..,الادارة القانونية,توثيق العقود التي تكون طرفها الشركة.
إحكام  وتطوير الاشراف والرقابة علي قطاع التعدين,رصد وتحليل ومعالجة المخالفات الفنية والمالية والادارية المتعلقة بقطاع التعدين وتوثيقها ,المخالفات,دراسة  المخالفات المتعلقة بالشركات
إحكام  وتطوير الاشراف والرقابة علي قطاع التعدين,رصد وتحليل ومعالجة المخالفات الفنية والمالية والادارية المتعلقة بقطاع التعدين وتوثيقها ,المخالفات,دراسة المخالفات المتعلقة بالتعدين التقليدي
إحكام  وتطوير الاشراف والرقابة علي قطاع التعدين,رصد وتحليل ومعالجة المخالفات الفنية والمالية والادارية المتعلقة بقطاع التعدين وتوثيقها ,المخالفات,دراسة المخالفات المتعلقة بجوانب البيئة والسلامة
إحكام  وتطوير الاشراف والرقابة علي قطاع التعدين,رصد وتحليل ومعالجة المخالفات الفنية والمالية والادارية المتعلقة بقطاع التعدين وتوثيقها ,المخالفات,تحليل وتقييم المعالجات
إحكام  وتطوير الاشراف والرقابة علي قطاع التعدين,رصد وتحليل ومعالجة المخالفات الفنية والمالية والادارية المتعلقة بقطاع التعدين وتوثيقها ,المخالفات,متابعة تنفيذ إزالة المخالفات
إحكام  وتطوير الاشراف والرقابة علي قطاع التعدين,رصد وتحليل ومعالجة المخالفات الفنية والمالية والادارية المتعلقة بقطاع التعدين وتوثيقها ,المخالفات,رصد الديون المتعثرة للشركات.
إحكام  وتطوير الاشراف والرقابة علي قطاع التعدين,رصد وتحليل ومعالجة المخالفات الفنية والمالية والادارية المتعلقة بقطاع التعدين وتوثيقها ,المخالفات,تعزيزالايرادات عبر التحصيل من المخالفات.
إحكام  وتطوير الاشراف والرقابة علي قطاع التعدين,رصد وتحليل ومعالجة المخالفات الفنية والمالية والادارية المتعلقة بقطاع التعدين وتوثيقها ,المخالفات,وضع الخطط لحماية المتضررين من التعديات الواقعة على المواقع والمربعات.
إحكام  وتطوير الاشراف والرقابة علي قطاع التعدين,رصد وتحليل ومعالجة المخالفات الفنية والمالية والادارية المتعلقة بقطاع التعدين وتوثيقها ,المخالفات,تنفيذالمأموريات وكتابة التقارير المتعلقة بالمخالفات.
إحكام  وتطوير الاشراف والرقابة علي قطاع التعدين,رصد وتحليل ومعالجة المخالفات الفنية والمالية والادارية المتعلقة بقطاع التعدين وتوثيقها ,المخالفات,الاستفادة من الدروس والعبر لتفادي المخالفة المشاركة في ور
إحكام  وتطوير الاشراف والرقابة علي قطاع التعدين,دراسة الجوانب القانونية للمخالفات وإتخاذ القرارات الفعالة لإزالتها ,المخالفات,"وضع الاطار القانوني  المناسب للمخالفة.
"
إحكام  وتطوير الاشراف والرقابة علي قطاع التعدين,دراسة الجوانب القانونية للمخالفات وإتخاذ القرارات الفعالة لإزالتها ,المخالفات,المشاركة في وضع اللوائح والجزاءات القانونية
إحكام  وتطوير الاشراف والرقابة علي قطاع التعدين,دراسة الجوانب القانونية للمخالفات وإتخاذ القرارات الفعالة لإزالتها ,المخالفات,وضع برنامج عمل مناسب لإزالة المخالفة
إحكام  وتطوير الاشراف والرقابة علي قطاع التعدين,دراسة الجوانب القانونية للمخالفات وإتخاذ القرارات الفعالة لإزالتها ,المخالفات,متابعة وتنفيذ وتاكيد إزالة المخالفة
إحكام  وتطوير الاشراف والرقابة علي قطاع التعدين,دراسة الجوانب القانونية للمخالفات وإتخاذ القرارات الفعالة لإزالتها ,المخالفات,تحديد المهام والمسؤولبات والمدي الزمني لإزالة المخالفات.
إحكام  وتطوير الاشراف والرقابة علي قطاع التعدين,دراسة الجوانب القانونية للمخالفات وإتخاذ القرارات الفعالة لإزالتها ,المخالفات,رفع برنامج  التوصيات الدوري بخصوص  المخالفات الي المدير العام
إحكام  وتطوير الاشراف والرقابة علي قطاع التعدين,دراسة الجوانب القانونية للمخالفات وإتخاذ القرارات الفعالة لإزالتها ,المخالفات,توثيق الدروس المستفادة من معالجة المخالفات
إحكام  وتطوير الاشراف والرقابة علي قطاع التعدين,رصد وإزالة المعوقات و المهددات الامنية بقطاع التعدين,امن واقتصاديات المعادن,الحد من التعديات علي الشركات العاملة في القطاع 
إحكام  وتطوير الاشراف والرقابة علي قطاع التعدين,رصد وإزالة المعوقات و المهددات الامنية بقطاع التعدين,امن واقتصاديات المعادن,تعزيز الاحاطة علي حركة الذهب المنتج
إحكام  وتطوير الاشراف والرقابة علي قطاع التعدين,رصد وإزالة المعوقات و المهددات الامنية بقطاع التعدين,امن واقتصاديات المعادن,إسناد الشركة في معالجة القضايا التي تعيق سير عملها الرقابي والاشرافي
إحكام  وتطوير الاشراف والرقابة علي قطاع التعدين,رصد وإزالة المعوقات و المهددات الامنية بقطاع التعدين,امن واقتصاديات المعادن,رصد وتقييم المخاطر والمهددات التي تواجه قطاع التعدين 
إدارة وتطوير نظم وأساليب العمل بالشركة,متابعة وتحليل وتقييم الاداء التشغيلي للشركة وفق الخطط المجازة للعام 2025م,التخطيط, اعداد تقارير الاداء الدورية 
إدارة وتطوير نظم وأساليب العمل بالشركة,متابعة وتحليل وتقييم الاداء التشغيلي للشركة وفق الخطط المجازة للعام 2025م,التخطيط,استلام معوقات الاداء من الادارات  العامة  ومراجعتها وتنقيحها ووضع الحلول اللازمة لها
إدارة وتطوير نظم وأساليب العمل بالشركة,متابعة وتحليل وتقييم الاداء التشغيلي للشركة وفق الخطط المجازة للعام 2025م,التخطيط,استلام تقارير الاداء من الادارات العامة وتقييمها
إدارة وتطوير نظم وأساليب العمل بالشركة,متابعة وتحليل وتقييم الاداء التشغيلي للشركة وفق الخطط المجازة للعام 2025م,التخطيط,تحليل التقارير وتحديد الانحرافات  الخاصة بتنفيذ خطة الاداء للعام 2025م
إدارة وتطوير نظم وأساليب العمل بالشركة,متابعة وتحليل وتقييم الاداء التشغيلي للشركة وفق الخطط المجازة للعام 2025م,التخطيط,إعداد وصياغة الخطة العامة للشركة للعام 2026م
إدارة وتطوير نظم وأساليب العمل بالشركة,جمع المعلومات والاحصاءات و إجراء التحاليل الاحصائية وعمل المؤشرات اللازمة.,التخطيط,جمع إحصائيات الانتاج  والايرادات مؤشرات الرقابة لمختلف قطاعات الشركة
إدارة وتطوير نظم وأساليب العمل بالشركة,جمع المعلومات والاحصاءات و إجراء التحاليل الاحصائية وعمل المؤشرات اللازمة.,التخطيط,دراسة قياس مستوي الرضا الداخلي والخارجي
إدارة وتطوير نظم وأساليب العمل بالشركة,جمع المعلومات والاحصاءات و إجراء التحاليل الاحصائية وعمل المؤشرات اللازمة.,التخطيط,التنبؤات الاحصائية للانشطة التعدينية
إدارة وتطوير نظم وأساليب العمل بالشركة,جمع المعلومات والاحصاءات و إجراء التحاليل الاحصائية وعمل المؤشرات اللازمة.,التخطيط,تصميم الاستبانات وتحليلها
إدارة وتطوير نظم وأساليب العمل بالشركة,جمع المعلومات والاحصاءات و إجراء التحاليل الاحصائية وعمل المؤشرات اللازمة.,التخطيط,النشرة الاحصائية السنوية (مقارنات +تحليل)
إدارة وتطوير نظم وأساليب العمل بالشركة,المحافظة علي شهادة الايزو الممنوحة من خلال بتطوير وتحسين فاعلية الاداء بالشركة بنسبة 100%,التخطيط,تحسين  نظام عمليات الشركة حسب وضع هيكل الطوارئ المتبع
إدارة وتطوير نظم وأساليب العمل بالشركة,المحافظة علي شهادة الايزو الممنوحة من خلال بتطوير وتحسين فاعلية الاداء بالشركة بنسبة 100%,التخطيط,مراجعة العمليات وتطويرها حسب الوضع الحالي
إدارة وتطوير نظم وأساليب العمل بالشركة,المحافظة علي شهادة الايزو الممنوحة من خلال بتطوير وتحسين فاعلية الاداء بالشركة بنسبة 100%,التخطيط,مراجعة  وتحليل مؤشرات قياس الاداء
إدارة وتطوير نظم وأساليب العمل بالشركة,المحافظة علي شهادة الايزو الممنوحة من خلال بتطوير وتحسين فاعلية الاداء بالشركة بنسبة 100%,التخطيط,تحليل حالات عدم المطابقة المكتشفة
إدارة وتطوير نظم وأساليب العمل بالشركة,المحافظة علي شهادة الايزو الممنوحة من خلال بتطوير وتحسين فاعلية الاداء بالشركة بنسبة 100%,التخطيط,تحليل شكاوى ومقترحات العملاء
إدارة وتطوير نظم وأساليب العمل بالشركة,المحافظة علي شهادة الايزو الممنوحة من خلال بتطوير وتحسين فاعلية الاداء بالشركة بنسبة 100%,التخطيط,تنفيذ مخرجات اجتماع مراجعه  الادارة
إدارة وتطوير نظم وأساليب العمل بالشركة,المحافظة علي شهادة الايزو الممنوحة من خلال بتطوير وتحسين فاعلية الاداء بالشركة بنسبة 100%,التخطيط,تفعيل فرق التحسين بالادارات
إدارة وتطوير نظم وأساليب العمل بالشركة,المحافظة علي شهادة الايزو الممنوحة من خلال بتطوير وتحسين فاعلية الاداء بالشركة بنسبة 100%,التخطيط,التدقيق الداخلي والخارجي للنظام
إدارة وتطوير نظم وأساليب العمل بالشركة,المحافظة علي شهادة الايزو الممنوحة من خلال بتطوير وتحسين فاعلية الاداء بالشركة بنسبة 100%,التخطيط,نشر ثقافة الجودة لجميع العاملين
إدارة وتطوير نظم وأساليب العمل بالشركة,المحافظة علي شهادة الايزو الممنوحة من خلال بتطوير وتحسين فاعلية الاداء بالشركة بنسبة 100%,التخطيط,ضبط الوثائق الداخلية للنظام 
إدارة وتطوير نظم وأساليب العمل بالشركة,إكمال البنية التحتية للشبكة,التخطيط,حصر الاحتياجات التقنية والمعدات المطلوبة لإكمال البنية التحتية للشبكة 
إدارة وتطوير نظم وأساليب العمل بالشركة,إكمال البنية التحتية للشبكة,التخطيط,تكملة تحديد المواصفات المطلوبة للأجهزة 
إدارة وتطوير نظم وأساليب العمل بالشركة,إكمال البنية التحتية للشبكة,التخطيط,شراء المعدات والاجهزة المطلوبة
إدارة وتطوير نظم وأساليب العمل بالشركة,إكمال البنية التحتية للشبكة,التخطيط,تأسيس موقع درء الكوارث
إدارة وتطوير نظم وأساليب العمل بالشركة,إكمال البنية التحتية للشبكة,التخطيط,تقديم الدعم الفني والتقني 
إدارة وتطوير نظم وأساليب العمل بالشركة,حماية الشبكة وتأمين معلومات الشركة,التخطيط,التكامل مع نظام ايزو 270001 (ادارة امن المعلومات)
إدارة وتطوير نظم وأساليب العمل بالشركة,حماية الشبكة وتأمين معلومات الشركة,التخطيط,حماية الشبكة من خلال تشغيل اجهزة الجدار الناري fire wall
إدارة وتطوير نظم وأساليب العمل بالشركة,حماية الشبكة وتأمين معلومات الشركة,التخطيط,تفعيل مضادات الفيروسات
إدارة وتطوير نظم وأساليب العمل بالشركة,حماية الشبكة وتأمين معلومات الشركة,التخطيط,حماية التطبيقات التقنية للشركة
إدارة وتطوير نظم وأساليب العمل بالشركة,حماية الشبكة وتأمين معلومات الشركة,التخطيط,حماية وتأمين الموقع الالكتروني
إدارة وتطوير نظم وأساليب العمل بالشركة,توفير وتطوير الانظمة لأصحاب المصلحة,التخطيط,تكامل الانظمة الفنية (تكامل نظام المصفاة – نظام الصادر – الادارة المالية )
إدارة وتطوير نظم وأساليب العمل بالشركة,توفير وتطوير الانظمة لأصحاب المصلحة,التخطيط,تطوير الانظمة القياسية ( نظام الادارة المالية + انظمة الشؤون الادارية)
إدارة وتطوير نظم وأساليب العمل بالشركة,توفير وتطوير الانظمة لأصحاب المصلحة,التخطيط,تطوير التقارير الذكية ( مالية + ادارية + تقارير عامة)
إدارة وتطوير نظم وأساليب العمل بالشركة,توفير وتطوير الانظمة لأصحاب المصلحة,التخطيط,تطوير نظام تقارير الاداء والخطة 
إدارة وتطوير نظم وأساليب العمل بالشركة,توفير وتطوير الانظمة لأصحاب المصلحة,التخطيط,تطوير الموقع الالكتروني ( بحوث تخدم اهداف الشركة + ربط الموردين ومذودي الخدمات والعملاء ..الخ)
إدارة وتطوير نظم وأساليب العمل بالشركة,توفير وتطوير الانظمة لأصحاب المصلحة,التخطيط,تطوير نظام الأرشفة والتقارير وبيانات الخاصة بشركات الامتياز المنتجة والمخلفات
إدارة وتطوير نظم وأساليب العمل بالشركة,إدارة إجراءات المُشرفين الميدانيين وتطوير أداؤهم,ادارة الانتاج,تقديم الدعم اللوجستي والإداري للمُشرفين الميدانيين
إدارة وتطوير نظم وأساليب العمل بالشركة,إدارة إجراءات المُشرفين الميدانيين وتطوير أداؤهم,ادارة الانتاج,إجراءات تأمين مراحل إنتاج الذهب
إدارة وتطوير نظم وأساليب العمل بالشركة,إدارة إجراءات المُشرفين الميدانيين وتطوير أداؤهم,ادارة الانتاج,تأهيل وتطوير المشرفين الميدانيين
إدارة وتطوير نظم وأساليب العمل بالشركة,إدارة إجراءات المُشرفين الميدانيين وتطوير أداؤهم,ادارة الانتاج,تحديث دليل المُشرف الميداني
إدارة وتطوير نظم وأساليب العمل بالشركة,إدارة إجراءات المُشرفين الميدانيين وتطوير أداؤهم,ادارة الانتاج,تنفيذ دورات تدريبية متخصصة
إدارة وتطوير نظم وأساليب العمل بالشركة,إدارة إجراءات المُشرفين الميدانيين وتطوير أداؤهم,ادارة الانتاج,المشاركة في المؤتمرات والورش الخاصة بقطاع التعدين
إدارة وتطوير نظم وأساليب العمل بالشركة,إنشاء قاعدة بيانات متكاملة لانشطة التعدين التقليدي ,التعدين التقليدي,إنشاء قاعدة بيانات للأشطة داخل الأسواق
إدارة وتطوير نظم وأساليب العمل بالشركة,إنشاء قاعدة بيانات متكاملة لانشطة التعدين التقليدي ,التعدين التقليدي,إنشاء قاعدة بيانات للحفر والآبار
إدارة وتطوير نظم وأساليب العمل بالشركة,إنشاء قاعدة بيانات متكاملة لانشطة التعدين التقليدي ,التعدين التقليدي,إنشاء قاعدة بيانات للمعدنين
إدارة وتطوير نظم وأساليب العمل بالشركة,إنشاء قاعدة بيانات متكاملة لانشطة التعدين التقليدي ,التعدين التقليدي,تحليل البيانات وتصنيفها 
إدارة وتطوير نظم وأساليب العمل بالشركة,ادارة وحوكمة إجراءات المكتب التنفيذي للشركة ,المكتب التنفيذي,إحكام العمل الإداري وأرشفة كل المُستندات
إدارة وتطوير نظم وأساليب العمل بالشركة,ادارة وحوكمة إجراءات المكتب التنفيذي للشركة ,المكتب التنفيذي, متابعة تتنفيذ كل القرارات  وأعمال اللجان والمكاتبات الصادرة من المدير العام
إدارة وتطوير نظم وأساليب العمل بالشركة,ادارة وحوكمة إجراءات المكتب التنفيذي للشركة ,المكتب التنفيذي,ضبط وتحسين الإجراءات والمعاملات
إدارة وتطوير نظم وأساليب العمل بالشركة,ادارة وحوكمة إجراءات المكتب التنفيذي للشركة ,المكتب التنفيذي,جدولة ومتابعة تنفيذ أنشطة السيد/ المدير العام 
إدارة وتطوير نظم وأساليب العمل بالشركة,استخدام تقنيات حديثة وتطوير نهج الدعم الفني لشركات التعدين الصغير ,التعدين الصغبر,شهادات برامج العمل 
إدارة وتطوير نظم وأساليب العمل بالشركة,استخدام تقنيات حديثة وتطوير نهج الدعم الفني لشركات التعدين الصغير ,التعدين الصغبر,الالتزام بتسليم وضبط برامج العمل 
إدارة وتطوير نظم وأساليب العمل بالشركة,استخدام تقنيات حديثة وتطوير نهج الدعم الفني لشركات التعدين الصغير ,التعدين الصغبر,شهادات نقل الملكية والشراكة 
إدارة وتطوير نظم وأساليب العمل بالشركة,استخدام تقنيات حديثة وتطوير نهج الدعم الفني لشركات التعدين الصغير ,التعدين الصغبر,فحص احداثيات لمربعات جديد وتأكيد اصدار إفادات فنية 
إدارة وتطوير نظم وأساليب العمل بالشركة,استخدام تقنيات حديثة وتطوير نهج الدعم الفني لشركات التعدين الصغير ,التعدين الصغبر,إجراءات ومعاملات شركات 
إدارة وتطوير نظم وأساليب العمل بالشركة,استخدام تقنيات حديثة وتطوير نهج الدعم الفني لشركات التعدين الصغير ,التعدين الصغبر,استكمال حصر البيانات في البوابة الإلكترونية + GIS
إدارة وتطوير نظم وأساليب العمل بالشركة,ادارة المخاطربالشركة السودانية وفق متطلبات نظام الISO 31001,المخاطر,التكامل مع نظام الايزو
إدارة وتطوير نظم وأساليب العمل بالشركة,ادارة المخاطربالشركة السودانية وفق متطلبات نظام الISO 31002,المخاطر,حصر وتحديد وتحليل وتقييم المخاطر بالشركة
إدارة وتطوير نظم وأساليب العمل بالشركة,ادارة المخاطربالشركة السودانية وفق متطلبات نظام الISO 31003,المخاطر,تطبيق استراتيجية المخاطر
إدارة وتطوير نظم وأساليب العمل بالشركة,ادارة المخاطربالشركة السودانية وفق متطلبات نظام الISO 31004,المخاطر,الورش (ورش الاقسام + الورشة المركزية)
إدارة وتطوير نظم وأساليب العمل بالشركة,ادارة المخاطربالشركة السودانية وفق متطلبات نظام الISO 31005,المخاطر,المأموريات  للمكاتب الولائية 
إدارة وتطوير نظم وأساليب العمل بالشركة,ادارة المخاطربالشركة السودانية وفق متطلبات نظام الISO 31006,المخاطر,ورش مع داخلية وخارجية
إدارة وتطوير نظم وأساليب العمل بالشركة,ادارة  وتطوير الخدمات والدعم اللوجستي للشركة,الشؤون الادارية والبشرية,تنفيذ عمليات ادارة التشغيل والدعم الفني للرئاسة الشركة ومكاتب الولايات
إدارة وتطوير نظم وأساليب العمل بالشركة,ادارة  وتطوير الخدمات والدعم اللوجستي للشركة,الشؤون الادارية والبشرية,توفير الوقود اللازم لتنفيذ المهام الاهداف التشغيلية للشركة للعام 2025م
إدارة وتطوير نظم وأساليب العمل بالشركة,ادارة  وتطوير الخدمات والدعم اللوجستي للشركة,الشؤون الادارية والبشرية,تنفيذ عمليات الخدمات الداخلية 
إدارة وتطوير نظم وأساليب العمل بالشركة,ادارة  وتطوير الخدمات والدعم اللوجستي للشركة,الشؤون الادارية والبشرية,إدارة محركات الشركة والاجراءات الخاصة بتوفير المركبات 
إدارة وتطوير نظم وأساليب العمل بالشركة,ادارة  وتطوير الخدمات والدعم اللوجستي للشركة,الشؤون الادارية والبشرية,توفير الدعم اللوجستي  لرئاسة الشركة والمكاتب الولائية
إدارة وتطوير نظم وأساليب العمل بالشركة,ادارة وتطويركفاءة المورد البشري للشركة,الشؤون الادارية والبشرية,تحديد الإحتياج الفعلي من المورد البشري للشركة كماً ونوعاً وإعداد هيكل الطوارئ التنظيمي للشركة 
إدارة وتطوير نظم وأساليب العمل بالشركة,ادارة وتطويركفاءة المورد البشري للشركة,الشؤون الادارية والبشرية,الإشراف علي ملفات وإجراءات شؤون العاملين
إدارة وتطوير نظم وأساليب العمل بالشركة,ادارة وتطويركفاءة المورد البشري للشركة,الشؤون الادارية والبشرية,الإيفاء بإستحقاقات وتعويضات العاملين 
إدارة وتطوير نظم وأساليب العمل بالشركة,ادارة وتطويركفاءة المورد البشري للشركة,الشؤون الادارية والبشرية,الإشراف علي ملفات وإجراءات شؤون العاملين بالتعدين التقليدي
إدارة وتطوير نظم وأساليب العمل بالشركة,ادارة وتطويركفاءة المورد البشري للشركة,الشؤون الادارية والبشرية,تدريب وتطوير كفاءة المورد البشري للشركة
إدارة وتطوير نظم وأساليب العمل بالشركة,ادارة وتطويركفاءة المورد البشري للشركة,الشؤون الادارية والبشرية,ادارة كيف
تعزيز دور المسؤولية المجتمعية والرضا المجتمعي,توجيه أنشطة المسؤولية المجتمعية لتقليل الإحتكاكات السلبية بين المجتمعات المحلية وشركات التعدين ,المسؤولية المجتمعية,الإشراف على المشروعات فى المناطق الامنة غير متأثرة بالحرب 
تعزيز دور المسؤولية المجتمعية والرضا المجتمعي,توجيه أنشطة المسؤولية المجتمعية لتقليل الإحتكاكات السلبية بين المجتمعات المحلية وشركات التعدين ,المسؤولية المجتمعية,إعادة تشغيل المشاريع المتوقفة فى المناطق المتأثرة بالحرب 
تعزيز دور المسؤولية المجتمعية والرضا المجتمعي,توجيه أنشطة المسؤولية المجتمعية لتقليل الإحتكاكات السلبية بين المجتمعات المحلية وشركات التعدين ,المسؤولية المجتمعية,عمل بروفايل لكل مشروع-افلام وثائقية
تعزيز دور المسؤولية المجتمعية والرضا المجتمعي,توجيه أنشطة المسؤولية المجتمعية لتقليل الإحتكاكات السلبية بين المجتمعات المحلية وشركات التعدين ,المسؤولية المجتمعية,قياس اثر الرضا المجتمعي
تعزيز دور المسؤولية المجتمعية والرضا المجتمعي,ترسيخ الوعى فى أهمية أن تصرف أموال المسؤولية المجتمعية فى بنود المشروعات و تعزيز دور المسؤولية المجتمعية,المسؤولية المجتمعية,تعزيز  الإرشاد المجتمعى من خلال (تقوية هياكل المجتمعات قاعدياً ورفع الوعى لتنفيذ موجهات القرار (90)
تعزيز دور المسؤولية المجتمعية والرضا المجتمعي,ترسيخ الوعى فى أهمية أن تصرف أموال المسؤولية المجتمعية فى بنود المشروعات و تعزيز دور المسؤولية المجتمعية,المسؤولية المجتمعية,بناء قاعدة بيانات إلكترونية تشمل الخرائط والمشروعات 
تعزيز دور المسؤولية المجتمعية والرضا المجتمعي,ترسيخ الوعى فى أهمية أن تصرف أموال المسؤولية المجتمعية فى بنود المشروعات و تعزيز دور المسؤولية المجتمعية,المسؤولية المجتمعية,تنفيذ مشروعات الشركة  عبر شراكات  مع الولايات ونقل التجارب .(مشروع المنح الدارسية) 
التثقيف والتوعية والارشاد المجتمعي لخلق رأي عام  داعم لقطاع التعدين,إبراز أنشطة الشركة بالوسائل العالمية المختلفة,ادارة الاعلام,تغطية كافة مناشط الشركة بالوسائل الإعلامية المختلفة  من اذاعة وصحافة وتلفزيون وغيرها
التثقيف والتوعية والارشاد المجتمعي لخلق رأي عام  داعم لقطاع التعدين,إبراز أنشطة الشركة بالوسائل العالمية المختلفة,ادارة الاعلام,الاستفادة من الأدوات الإعلانية الميدانية لابراز أنشطة وأهداف الشركة
التثقيف والتوعية والارشاد المجتمعي لخلق رأي عام  داعم لقطاع التعدين,إبراز أنشطة الشركة بالوسائل العالمية المختلفة,ادارة الاعلام,أنتاج التقارير الخبرية المقرءة والمرئية والمسموعة في إطار جانب التغطيات
التثقيف والتوعية والارشاد المجتمعي لخلق رأي عام  داعم لقطاع التعدين,إستخدام الإنتاج المرئي والمسموع والمقروء بما يخدم أغراض الشركة بما فيها عمليات التثقيف والارشاد والتوعية,ادارة الاعلام,إنتاج الدراما والمسابقات والفديوهات المرئية لعمليات الارشاد والتثقيف والتوعية
التثقيف والتوعية والارشاد المجتمعي لخلق رأي عام  داعم لقطاع التعدين,إستخدام الإنتاج المرئي والمسموع والمقروء بما يخدم أغراض الشركة بما فيها عمليات التثقيف والارشاد والتوعية,ادارة الاعلام,إنتاج الافلام الوثائقية التي تخدم أغراض الشركة 
التثقيف والتوعية والارشاد المجتمعي لخلق رأي عام  داعم لقطاع التعدين,إستخدام الإنتاج المرئي والمسموع والمقروء بما يخدم أغراض الشركة بما فيها عمليات التثقيف والارشاد والتوعية,ادارة الاعلام,إصدار صحيفة ورقية ورقمية تبرز أنشطة الشركة وتسهم في عمليات التوعية والتثقيف والارشاد.
التثقيف والتوعية والارشاد المجتمعي لخلق رأي عام  داعم لقطاع التعدين,إستخدام الإنتاج المرئي والمسموع والمقروء بما يخدم أغراض الشركة بما فيها عمليات التثقيف والارشاد والتوعية,ادارة الاعلام,إنتاج مجلة معادن السودان 
التثقيف والتوعية والارشاد المجتمعي لخلق رأي عام  داعم لقطاع التعدين,إستخدام الإنتاج المرئي والمسموع والمقروء بما يخدم أغراض الشركة بما فيها عمليات التثقيف والارشاد والتوعية,ادارة الاعلام,إنتاج دراما وبرامج ومشاعل إذاعية تسهم في التثقيف والارشاد والتوعية باللهجات المحلية
التثقيف والتوعية والارشاد المجتمعي لخلق رأي عام  داعم لقطاع التعدين,إرساء جسور التواصل مع الجهات ذات الصلة لتحقيق أهداف الشركة,ادارة الاعلام,خلق علاقات مع الاجهزة الإعلامية المختلفة لتخقيق أهداف الشركة
التثقيف والتوعية والارشاد المجتمعي لخلق رأي عام  داعم لقطاع التعدين,إرساء جسور التواصل مع الجهات ذات الصلة لتحقيق أهداف الشركة,ادارة الاعلام,التواصل المباشر مع الإعلاميين لضمان إنسياب انشطة الشركة في وسائل الاعلام المختلفة
التثقيف والتوعية والارشاد المجتمعي لخلق رأي عام  داعم لقطاع التعدين,إرساء جسور التواصل مع الجهات ذات الصلة لتحقيق أهداف الشركة,ادارة الاعلام,عقد ورش عمل تثقيفية للاعلاميين لرفع الحس الثقافي بانشطة التعدين.
التثقيف والتوعية والارشاد المجتمعي لخلق رأي عام  داعم لقطاع التعدين,الرصد الدوري والاستفادة من الفضاء الالكتروني بأشكاله المختلفة وتوظيفه بما يخدم أهداف الشركة,ادارة الاعلام,تفعيل وتطوير الموقع الالكتروني بما أغراض الشركة
التثقيف والتوعية والارشاد المجتمعي لخلق رأي عام  داعم لقطاع التعدين,الرصد الدوري والاستفادة من الفضاء الالكتروني بأشكاله المختلفة وتوظيفه بما يخدم أهداف الشركة,ادارة الاعلام,رصد دوري وتصنيف الاخبار 
التثقيف والتوعية والارشاد المجتمعي لخلق رأي عام  داعم لقطاع التعدين,الرصد الدوري والاستفادة من الفضاء الالكتروني بأشكاله المختلفة وتوظيفه بما يخدم أهداف الشركة,ادارة الاعلام,تفعيل قناة الواتس أب وضمان إنسياب المعلومة فيها والاستفادة منها 
التثقيف والتوعية والارشاد المجتمعي لخلق رأي عام  داعم لقطاع التعدين,الرصد الدوري والاستفادة من الفضاء الالكتروني بأشكاله المختلفة وتوظيفه بما يخدم أهداف الشركة,ادارة الاعلام,تطوير صفحة الفيس بوك وزيادة عدد المتابعين بالاضافة لتوثيقها 
التثقيف والتوعية والارشاد المجتمعي لخلق رأي عام  داعم لقطاع التعدين,الرصد الدوري والاستفادة من الفضاء الالكتروني بأشكاله المختلفة وتوظيفه بما يخدم أهداف الشركة,ادارة الاعلام,تفعيل حساب الشركة في منصة إكس
التثقيف والتوعية والارشاد المجتمعي لخلق رأي عام  داعم لقطاع التعدين,الرصد الدوري والاستفادة من الفضاء الالكتروني بأشكاله المختلفة وتوظيفه بما يخدم أهداف الشركة,ادارة الاعلام,إنشاء حساب في التيك توك لنشر فيديوهات الشركة من تغطيات وفيديوهات توعوية 
التثقيف والتوعية والارشاد المجتمعي لخلق رأي عام  داعم لقطاع التعدين,الرصد الدوري والاستفادة من الفضاء الالكتروني بأشكاله المختلفة وتوظيفه بما يخدم أهداف الشركة,ادارة الاعلام,تفعيل قناة الشركة في اليوتيوب 
التثقيف والتوعية والارشاد المجتمعي لخلق رأي عام  داعم لقطاع التعدين,تنفيذ برامج وأنشطة متكاملة لخلق علاقات داخلية وخارجية,ادارة الاعلام,ارساء جسور تواصل في الإطار الداخلي لتمتنين أواصر الثقة بين العاملين 
التثقيف والتوعية والارشاد المجتمعي لخلق رأي عام  داعم لقطاع التعدين,تنفيذ برامج وأنشطة متكاملة لخلق علاقات داخلية وخارجية,ادارة الاعلام,إكمال إجراءات السفر من تذاكر وتأشيرات وخلافها
التثقيف والتوعية والارشاد المجتمعي لخلق رأي عام  داعم لقطاع التعدين,تنفيذ برامج وأنشطة متكاملة لخلق علاقات داخلية وخارجية,ادارة الاعلام,تنسيق لقاءات المدير العام 
التثقيف والتوعية والارشاد المجتمعي لخلق رأي عام  داعم لقطاع التعدين,تنفيذ برامج وأنشطة متكاملة لخلق علاقات داخلية وخارجية,ادارة الاعلام,تنسيق وترتيب مشاركات الشركة في الفعاليات المختلفة 
التثقيف والتوعية والارشاد المجتمعي لخلق رأي عام  داعم لقطاع التعدين,توحيد الهوية الاعلامية للشركة لدى الجهات ذات الصلة,ادارة الاعلام,ارساء جسور تواصل في الإطار الداخلي لتمتنين أواصر الثقة بين العاملين 
التثقيف والتوعية والارشاد المجتمعي لخلق رأي عام  داعم لقطاع التعدين,توحيد الهوية الاعلامية للشركة لدى الجهات ذات الصلة,ادارة الاعلام,إكمال إجراءات السفر من تذاكر وتأشيرات وخلافها
التثقيف والتوعية والارشاد المجتمعي لخلق رأي عام  داعم لقطاع التعدين,توحيد الهوية الاعلامية للشركة لدى الجهات ذات الصلة,ادارة الاعلام,تنسيق لقاءات المدير العام 
التثقيف والتوعية والارشاد المجتمعي لخلق رأي عام  داعم لقطاع التعدين,توحيد الهوية الاعلامية للشركة لدى الجهات ذات الصلة,ادارة الاعلام,تنسيق وترتيب مشاركات الشركة في الفعاليات المختلفة 
